--Generated data 

--LOCATIONS
insert into LOCATIONS (location_id, location_name, location_country, short_location_country, location_county, short_location_county) values (1, 'Washington', 'United States', 'US', 'District of Columbia', 'DC');
insert into LOCATIONS (location_id, location_name, location_country, short_location_country, location_county, short_location_county) values (2, 'Naperville', 'United States', 'US', 'Illinois', 'IL');
insert into LOCATIONS (location_id, location_name, location_country, short_location_country, location_county, short_location_county) values (3, 'Davenport', 'United States', 'US', 'Iowa', 'IA');
insert into LOCATIONS (location_id, location_name, location_country, short_location_country, location_county, short_location_county) values (4, 'Newport News', 'United States', 'US', 'Virginia', 'VA');
insert into LOCATIONS (location_id, location_name, location_country, short_location_country, location_county, short_location_county) values (5, 'Lancaster', 'United States', 'US', 'Pennsylvania', 'PA');
insert into LOCATIONS (location_id, location_name, location_country, short_location_country, location_county, short_location_county) values (6, 'Shawnee Mission', 'United States', 'US', 'Kansas', 'KS');
insert into LOCATIONS (location_id, location_name, location_country, short_location_country, location_county, short_location_county) values (7, 'Tucson', 'United States', 'US', 'Arizona', 'AZ');
insert into LOCATIONS (location_id, location_name, location_country, short_location_country, location_county, short_location_county) values (8, 'Miami Beach', 'United States', 'US', 'Florida', 'FL');
insert into LOCATIONS (location_id, location_name, location_country, short_location_country, location_county, short_location_county) values (9, 'Oakland', 'United States', 'US', 'California', 'CA');
insert into LOCATIONS (location_id, location_name, location_country, short_location_country, location_county, short_location_county) values (10, 'Oceanside', 'United States', 'US', 'California', 'CA');
insert into LOCATIONS (location_id, location_name, location_country, short_location_country, location_county, short_location_county) values (11, 'Springfield', 'United States', 'US', 'Massachusetts', 'MA');
insert into LOCATIONS (location_id, location_name, location_country, short_location_country, location_county, short_location_county) values (12, 'Phoenix', 'United States', 'US', 'Arizona', 'AZ');
insert into LOCATIONS (location_id, location_name, location_country, short_location_country, location_county, short_location_county) values (13, 'Virginia Beach', 'United States', 'US', 'Virginia', 'VA');
insert into LOCATIONS (location_id, location_name, location_country, short_location_country, location_county, short_location_county) values (14, 'Houston', 'United States', 'US', 'Texas', 'TX');
insert into LOCATIONS (location_id, location_name, location_country, short_location_country, location_county, short_location_county) values (15, 'Atlanta', 'United States', 'US', 'Georgia', 'GA');
insert into LOCATIONS (location_id, location_name, location_country, short_location_country, location_county, short_location_county) values (16, 'New York City', 'United States', 'US', 'New York', 'NY');
insert into LOCATIONS (location_id, location_name, location_country, short_location_country, location_county, short_location_county) values (17, 'Augusta', 'United States', 'US', 'Georgia', 'GA');
insert into LOCATIONS (location_id, location_name, location_country, short_location_country, location_county, short_location_county) values (18, 'Charlotte', 'United States', 'US', 'North Carolina', 'NC');
insert into LOCATIONS (location_id, location_name, location_country, short_location_country, location_county, short_location_county) values (19, 'Philadelphia', 'United States', 'US', 'Pennsylvania', 'PA');
insert into LOCATIONS (location_id, location_name, location_country, short_location_country, location_county, short_location_county) values (20, 'Roanoke', 'United States', 'US', 'Virginia', 'VA');
insert into LOCATIONS (location_id, location_name, location_country, short_location_country, location_county, short_location_county) values (21, 'Tampa', 'United States', 'US', 'Florida', 'FL');
insert into LOCATIONS (location_id, location_name, location_country, short_location_country, location_county, short_location_county) values (22, 'Portsmouth', 'United States', 'US', 'New Hampshire', 'NH');
insert into LOCATIONS (location_id, location_name, location_country, short_location_country, location_county, short_location_county) values (23, 'Mobile', 'United States', 'US', 'Alabama', 'AL');
insert into LOCATIONS (location_id, location_name, location_country, short_location_country, location_county, short_location_county) values (24, 'Indianapolis', 'United States', 'US', 'Indiana', 'IN');
insert into LOCATIONS (location_id, location_name, location_country, short_location_country, location_county, short_location_county) values (25, 'Lexington', 'United States', 'US', 'Kentucky', 'KY');
insert into LOCATIONS (location_id, location_name, location_country, short_location_country, location_county, short_location_county) values (26, 'Washington', 'United States', 'US', 'District of Columbia', 'DC');
insert into LOCATIONS (location_id, location_name, location_country, short_location_country, location_county, short_location_county) values (27, 'Los Angeles', 'United States', 'US', 'California', 'CA');
insert into LOCATIONS (location_id, location_name, location_country, short_location_country, location_county, short_location_county) values (28, 'San Antonio', 'United States', 'US', 'Texas', 'TX');
insert into LOCATIONS (location_id, location_name, location_country, short_location_country, location_county, short_location_county) values (29, 'Minneapolis', 'United States', 'US', 'Minnesota', 'MN');
insert into LOCATIONS (location_id, location_name, location_country, short_location_country, location_county, short_location_county) values (30, 'Hattiesburg', 'United States', 'US', 'Mississippi', 'MS');
insert into LOCATIONS (location_id, location_name, location_country, short_location_country, location_county, short_location_county) values (31, 'Milwaukee', 'United States', 'US', 'Wisconsin', 'WI');
insert into LOCATIONS (location_id, location_name, location_country, short_location_country, location_county, short_location_county) values (32, 'San Jose', 'United States', 'US', 'California', 'CA');
insert into LOCATIONS (location_id, location_name, location_country, short_location_country, location_county, short_location_county) values (33, 'Tucson', 'United States', 'US', 'Arizona', 'AZ');
insert into LOCATIONS (location_id, location_name, location_country, short_location_country, location_county, short_location_county) values (34, 'Davenport', 'United States', 'US', 'Iowa', 'IA');
insert into LOCATIONS (location_id, location_name, location_country, short_location_country, location_county, short_location_county) values (35, 'Springfield', 'United States', 'US', 'Massachusetts', 'MA');
insert into LOCATIONS (location_id, location_name, location_country, short_location_country, location_county, short_location_county) values (36, 'Wilkes Barre', 'United States', 'US', 'Pennsylvania', 'PA');
insert into LOCATIONS (location_id, location_name, location_country, short_location_country, location_county, short_location_county) values (37, 'Lincoln', 'United States', 'US', 'Nebraska', 'NE');
insert into LOCATIONS (location_id, location_name, location_country, short_location_country, location_county, short_location_county) values (38, 'El Paso', 'United States', 'US', 'Texas', 'TX');
insert into LOCATIONS (location_id, location_name, location_country, short_location_country, location_county, short_location_county) values (39, 'Plano', 'United States', 'US', 'Texas', 'TX');
insert into LOCATIONS (location_id, location_name, location_country, short_location_country, location_county, short_location_county) values (40, 'Spokane', 'United States', 'US', 'Washington', 'WA');
insert into LOCATIONS (location_id, location_name, location_country, short_location_country, location_county, short_location_county) values (41, 'Peoria', 'United States', 'US', 'Illinois', 'IL');
insert into LOCATIONS (location_id, location_name, location_country, short_location_country, location_county, short_location_county) values (42, 'Houston', 'United States', 'US', 'Texas', 'TX');
insert into LOCATIONS (location_id, location_name, location_country, short_location_country, location_county, short_location_county) values (43, 'Shreveport', 'United States', 'US', 'Louisiana', 'LA');
insert into LOCATIONS (location_id, location_name, location_country, short_location_country, location_county, short_location_county) values (44, 'Brooklyn', 'United States', 'US', 'New York', 'NY');
insert into LOCATIONS (location_id, location_name, location_country, short_location_country, location_county, short_location_county) values (45, 'Arlington', 'United States', 'US', 'Virginia', 'VA');
insert into LOCATIONS (location_id, location_name, location_country, short_location_country, location_county, short_location_county) values (46, 'San Diego', 'United States', 'US', 'California', 'CA');
insert into LOCATIONS (location_id, location_name, location_country, short_location_country, location_county, short_location_county) values (47, 'Washington', 'United States', 'US', 'District of Columbia', 'DC');
insert into LOCATIONS (location_id, location_name, location_country, short_location_country, location_county, short_location_county) values (48, 'Waterbury', 'United States', 'US', 'Connecticut', 'CT');
insert into LOCATIONS (location_id, location_name, location_country, short_location_country, location_county, short_location_county) values (49, 'Oceanside', 'United States', 'US', 'California', 'CA');
insert into LOCATIONS (location_id, location_name, location_country, short_location_country, location_county, short_location_county) values (50, 'Oklahoma City', 'United States', 'US', 'Oklahoma', 'OK');
insert into LOCATIONS (location_id, location_name, location_country, short_location_country, location_county, short_location_county) values (51, 'Pensacola', 'United States', 'US', 'Florida', 'FL');
insert into LOCATIONS (location_id, location_name, location_country, short_location_country, location_county, short_location_county) values (52, 'Tulsa', 'United States', 'US', 'Oklahoma', 'OK');
insert into LOCATIONS (location_id, location_name, location_country, short_location_country, location_county, short_location_county) values (53, 'Wilmington', 'United States', 'US', 'Delaware', 'DE');
insert into LOCATIONS (location_id, location_name, location_country, short_location_country, location_county, short_location_county) values (54, 'Cincinnati', 'United States', 'US', 'Ohio', 'OH');
insert into LOCATIONS (location_id, location_name, location_country, short_location_country, location_county, short_location_county) values (55, 'Seattle', 'United States', 'US', 'Washington', 'WA');
insert into LOCATIONS (location_id, location_name, location_country, short_location_country, location_county, short_location_county) values (56, 'Spokane', 'United States', 'US', 'Washington', 'WA');
insert into LOCATIONS (location_id, location_name, location_country, short_location_country, location_county, short_location_county) values (57, 'Redwood City', 'United States', 'US', 'California', 'CA');
insert into LOCATIONS (location_id, location_name, location_country, short_location_country, location_county, short_location_county) values (58, 'Brooklyn', 'United States', 'US', 'New York', 'NY');
insert into LOCATIONS (location_id, location_name, location_country, short_location_country, location_county, short_location_county) values (59, 'Oakland', 'United States', 'US', 'California', 'CA');
insert into LOCATIONS (location_id, location_name, location_country, short_location_country, location_county, short_location_county) values (60, 'Scranton', 'United States', 'US', 'Pennsylvania', 'PA');
insert into LOCATIONS (location_id, location_name, location_country, short_location_country, location_county, short_location_county) values (61, 'Santa Barbara', 'United States', 'US', 'California', 'CA');
insert into LOCATIONS (location_id, location_name, location_country, short_location_country, location_county, short_location_county) values (62, 'West Palm Beach', 'United States', 'US', 'Florida', 'FL');
insert into LOCATIONS (location_id, location_name, location_country, short_location_country, location_county, short_location_county) values (63, 'Temple', 'United States', 'US', 'Texas', 'TX');
insert into LOCATIONS (location_id, location_name, location_country, short_location_country, location_county, short_location_county) values (64, 'Salinas', 'United States', 'US', 'California', 'CA');
insert into LOCATIONS (location_id, location_name, location_country, short_location_country, location_county, short_location_county) values (65, 'Saint Paul', 'United States', 'US', 'Minnesota', 'MN');
insert into LOCATIONS (location_id, location_name, location_country, short_location_country, location_county, short_location_county) values (66, 'Newark', 'United States', 'US', 'Delaware', 'DE');
insert into LOCATIONS (location_id, location_name, location_country, short_location_country, location_county, short_location_county) values (67, 'Houston', 'United States', 'US', 'Texas', 'TX');
insert into LOCATIONS (location_id, location_name, location_country, short_location_country, location_county, short_location_county) values (68, 'Troy', 'United States', 'US', 'Michigan', 'MI');
insert into LOCATIONS (location_id, location_name, location_country, short_location_country, location_county, short_location_county) values (69, 'Garden Grove', 'United States', 'US', 'California', 'CA');
insert into LOCATIONS (location_id, location_name, location_country, short_location_country, location_county, short_location_county) values (70, 'Portland', 'United States', 'US', 'Oregon', 'OR');
insert into LOCATIONS (location_id, location_name, location_country, short_location_country, location_county, short_location_county) values (71, 'Sioux City', 'United States', 'US', 'Iowa', 'IA');
insert into LOCATIONS (location_id, location_name, location_country, short_location_country, location_county, short_location_county) values (72, 'Ventura', 'United States', 'US', 'California', 'CA');
insert into LOCATIONS (location_id, location_name, location_country, short_location_country, location_county, short_location_county) values (73, 'San Francisco', 'United States', 'US', 'California', 'CA');
insert into LOCATIONS (location_id, location_name, location_country, short_location_country, location_county, short_location_county) values (74, 'San Jose', 'United States', 'US', 'California', 'CA');
insert into LOCATIONS (location_id, location_name, location_country, short_location_country, location_county, short_location_county) values (75, 'Olympia', 'United States', 'US', 'Washington', 'WA');
insert into LOCATIONS (location_id, location_name, location_country, short_location_country, location_county, short_location_county) values (76, 'Las Vegas', 'United States', 'US', 'Nevada', 'NV');
insert into LOCATIONS (location_id, location_name, location_country, short_location_country, location_county, short_location_county) values (77, 'Topeka', 'United States', 'US', 'Kansas', 'KS');
insert into LOCATIONS (location_id, location_name, location_country, short_location_country, location_county, short_location_county) values (78, 'Newark', 'United States', 'US', 'New Jersey', 'NJ');
insert into LOCATIONS (location_id, location_name, location_country, short_location_country, location_county, short_location_county) values (79, 'Pinellas Park', 'United States', 'US', 'Florida', 'FL');
insert into LOCATIONS (location_id, location_name, location_country, short_location_country, location_county, short_location_county) values (80, 'Springfield', 'United States', 'US', 'Massachusetts', 'MA');
insert into LOCATIONS (location_id, location_name, location_country, short_location_country, location_county, short_location_county) values (81, 'Raleigh', 'United States', 'US', 'North Carolina', 'NC');
insert into LOCATIONS (location_id, location_name, location_country, short_location_country, location_county, short_location_county) values (82, 'Suffolk', 'United States', 'US', 'Virginia', 'VA');
insert into LOCATIONS (location_id, location_name, location_country, short_location_country, location_county, short_location_county) values (83, 'Seattle', 'United States', 'US', 'Washington', 'WA');
insert into LOCATIONS (location_id, location_name, location_country, short_location_country, location_county, short_location_county) values (84, 'Jamaica', 'United States', 'US', 'New York', 'NY');
insert into LOCATIONS (location_id, location_name, location_country, short_location_country, location_county, short_location_county) values (85, 'El Paso', 'United States', 'US', 'Texas', 'TX');
insert into LOCATIONS (location_id, location_name, location_country, short_location_country, location_county, short_location_county) values (86, 'Buffalo', 'United States', 'US', 'New York', 'NY');
insert into LOCATIONS (location_id, location_name, location_country, short_location_country, location_county, short_location_county) values (87, 'Pensacola', 'United States', 'US', 'Florida', 'FL');
insert into LOCATIONS (location_id, location_name, location_country, short_location_country, location_county, short_location_county) values (88, 'Sacramento', 'United States', 'US', 'California', 'CA');
insert into LOCATIONS (location_id, location_name, location_country, short_location_country, location_county, short_location_county) values (89, 'Huntington', 'United States', 'US', 'West Virginia', 'WV');
insert into LOCATIONS (location_id, location_name, location_country, short_location_country, location_county, short_location_county) values (90, 'Birmingham', 'United States', 'US', 'Alabama', 'AL');
insert into LOCATIONS (location_id, location_name, location_country, short_location_country, location_county, short_location_county) values (91, 'Anchorage', 'United States', 'US', 'Alaska', 'AK');
insert into LOCATIONS (location_id, location_name, location_country, short_location_country, location_county, short_location_county) values (92, 'Santa Monica', 'United States', 'US', 'California', 'CA');
insert into LOCATIONS (location_id, location_name, location_country, short_location_country, location_county, short_location_county) values (93, 'Houston', 'United States', 'US', 'Texas', 'TX');
insert into LOCATIONS (location_id, location_name, location_country, short_location_country, location_county, short_location_county) values (94, 'Baton Rouge', 'United States', 'US', 'Louisiana', 'LA');
insert into LOCATIONS (location_id, location_name, location_country, short_location_country, location_county, short_location_county) values (95, 'Tucson', 'United States', 'US', 'Arizona', 'AZ');
insert into LOCATIONS (location_id, location_name, location_country, short_location_country, location_county, short_location_county) values (96, 'Fort Worth', 'United States', 'US', 'Texas', 'TX');
insert into LOCATIONS (location_id, location_name, location_country, short_location_country, location_county, short_location_county) values (97, 'Philadelphia', 'United States', 'US', 'Pennsylvania', 'PA');
insert into LOCATIONS (location_id, location_name, location_country, short_location_country, location_county, short_location_county) values (98, 'Phoenix', 'United States', 'US', 'Arizona', 'AZ');
insert into LOCATIONS (location_id, location_name, location_country, short_location_country, location_county, short_location_county) values (99, 'Lakeland', 'United States', 'US', 'Florida', 'FL');
insert into LOCATIONS (location_id, location_name, location_country, short_location_country, location_county, short_location_county) values (100, 'Birmingham', 'United States', 'US', 'Alabama', 'AL');
insert into LOCATIONS (location_id, location_name, location_country, short_location_country, location_county, short_location_county) values (101, 'Melbourne', 'United States', 'US', 'Florida', 'FL');
insert into LOCATIONS (location_id, location_name, location_country, short_location_country, location_county, short_location_county) values (102, 'North Little Rock', 'United States', 'US', 'Arkansas', 'AR');
insert into LOCATIONS (location_id, location_name, location_country, short_location_country, location_county, short_location_county) values (103, 'Akron', 'United States', 'US', 'Ohio', 'OH');
insert into LOCATIONS (location_id, location_name, location_country, short_location_country, location_county, short_location_county) values (104, 'Maple Plain', 'United States', 'US', 'Minnesota', 'MN');
insert into LOCATIONS (location_id, location_name, location_country, short_location_country, location_county, short_location_county) values (105, 'Baton Rouge', 'United States', 'US', 'Louisiana', 'LA');
insert into LOCATIONS (location_id, location_name, location_country, short_location_country, location_county, short_location_county) values (106, 'Tallahassee', 'United States', 'US', 'Florida', 'FL');
insert into LOCATIONS (location_id, location_name, location_country, short_location_country, location_county, short_location_county) values (107, 'Mobile', 'United States', 'US', 'Alabama', 'AL');
insert into LOCATIONS (location_id, location_name, location_country, short_location_country, location_county, short_location_county) values (108, 'Nashville', 'United States', 'US', 'Tennessee', 'TN');
insert into LOCATIONS (location_id, location_name, location_country, short_location_country, location_county, short_location_county) values (109, 'Los Angeles', 'United States', 'US', 'California', 'CA');
insert into LOCATIONS (location_id, location_name, location_country, short_location_country, location_county, short_location_county) values (110, 'San Antonio', 'United States', 'US', 'Texas', 'TX');
insert into LOCATIONS (location_id, location_name, location_country, short_location_country, location_county, short_location_county) values (111, 'Evansville', 'United States', 'US', 'Indiana', 'IN');
insert into LOCATIONS (location_id, location_name, location_country, short_location_country, location_county, short_location_county) values (112, 'Houston', 'United States', 'US', 'Texas', 'TX');
insert into LOCATIONS (location_id, location_name, location_country, short_location_country, location_county, short_location_county) values (113, 'Trenton', 'United States', 'US', 'New Jersey', 'NJ');
insert into LOCATIONS (location_id, location_name, location_country, short_location_country, location_county, short_location_county) values (114, 'Pasadena', 'United States', 'US', 'California', 'CA');
insert into LOCATIONS (location_id, location_name, location_country, short_location_country, location_county, short_location_county) values (115, 'Killeen', 'United States', 'US', 'Texas', 'TX');
insert into LOCATIONS (location_id, location_name, location_country, short_location_country, location_county, short_location_county) values (116, 'Kansas City', 'United States', 'US', 'Missouri', 'MO');
insert into LOCATIONS (location_id, location_name, location_country, short_location_country, location_county, short_location_county) values (117, 'Albuquerque', 'United States', 'US', 'New Mexico', 'NM');
insert into LOCATIONS (location_id, location_name, location_country, short_location_country, location_county, short_location_county) values (118, 'Richmond', 'United States', 'US', 'Virginia', 'VA');
insert into LOCATIONS (location_id, location_name, location_country, short_location_country, location_county, short_location_county) values (119, 'Dallas', 'United States', 'US', 'Texas', 'TX');
insert into LOCATIONS (location_id, location_name, location_country, short_location_country, location_county, short_location_county) values (120, 'Inglewood', 'United States', 'US', 'California', 'CA');
insert into LOCATIONS (location_id, location_name, location_country, short_location_country, location_county, short_location_county) values (121, 'Dallas', 'United States', 'US', 'Texas', 'TX');
insert into LOCATIONS (location_id, location_name, location_country, short_location_country, location_county, short_location_county) values (122, 'Savannah', 'United States', 'US', 'Georgia', 'GA');
insert into LOCATIONS (location_id, location_name, location_country, short_location_country, location_county, short_location_county) values (123, 'Athens', 'United States', 'US', 'Georgia', 'GA');
insert into LOCATIONS (location_id, location_name, location_country, short_location_country, location_county, short_location_county) values (124, 'El Paso', 'United States', 'US', 'Texas', 'TX');
insert into LOCATIONS (location_id, location_name, location_country, short_location_country, location_county, short_location_county) values (125, 'Salt Lake City', 'United States', 'US', 'Utah', 'UT');
insert into LOCATIONS (location_id, location_name, location_country, short_location_country, location_county, short_location_county) values (74, 'Jacksonville', 'United States', 'US', 'Florida', 'FL');
insert into LOCATIONS (location_id, location_name, location_country, short_location_country, location_county, short_location_county) values (78, 'Memphis', 'United States', 'US', 'Tennessee', 'TN');
insert into LOCATIONS (location_id, location_name, location_country, short_location_country, location_county, short_location_county) values (80, 'Dallass', 'United States', 'US', 'Texas', 'TX');

select * from locations order by location_id;
select max(location_id) from locations;
--END LOCATIONS

--SUPPLY_PLACES
insert into SUPPLY_PLACES (supply_place_id, supply_place_name, supply_place_address, location_id) values (1, 'First Trust Nasdaq Retail ETF', '623 Chive Court', 1);
insert into SUPPLY_PLACES (supply_place_id, supply_place_name, supply_place_address, location_id) values (2, 'NovoCure Limited', '1404 Corry Alley', 2);
insert into SUPPLY_PLACES (supply_place_id, supply_place_name, supply_place_address, location_id) values (3, 'YY Inc.', '361 Dorton Point', 3);
insert into SUPPLY_PLACES (supply_place_id, supply_place_name, supply_place_address, location_id) values (4, 'MasTec, Inc.', '4 Packers Drive', 4);
insert into SUPPLY_PLACES (supply_place_id, supply_place_name, supply_place_address, location_id) values (5, 'The Bancorp, Inc.', '232 Beilfuss Parkway', 5);
insert into SUPPLY_PLACES (supply_place_id, supply_place_name, supply_place_address, location_id) values (6, 'AMC Entertainment Holdings, Inc.', '661 Spenser Alley', 6);
insert into SUPPLY_PLACES (supply_place_id, supply_place_name, supply_place_address, location_id) values (7, 'ProShares UltraShort Nasdaq Biotechnology', '6 Summit Plaza', 7);
insert into SUPPLY_PLACES (supply_place_id, supply_place_name, supply_place_address, location_id) values (8, 'Peoples Bancorp of North Carolina, Inc.', '32 Schurz Street', 8);
insert into SUPPLY_PLACES (supply_place_id, supply_place_name, supply_place_address, location_id) values (9, 'Concert Pharmaceuticals, Inc.', '72 Corben Circle', 9);
insert into SUPPLY_PLACES (supply_place_id, supply_place_name, supply_place_address, location_id) values (10, 'Build-A-Bear Workshop, Inc.', '11224 Mariners Cove Point', 10);
insert into SUPPLY_PLACES (supply_place_id, supply_place_name, supply_place_address, location_id) values (11, 'Lehman ABS Corporation', '16529 Raven Park', 11);
insert into SUPPLY_PLACES (supply_place_id, supply_place_name, supply_place_address, location_id) values (12, 'Eastern Virginia Bankshares, Inc.', '5 Anzinger Way', 12);
insert into SUPPLY_PLACES (supply_place_id, supply_place_name, supply_place_address, location_id) values (13, 'Rayonier Advanced Materials Inc.', '745 Reindahl Place', 13);
insert into SUPPLY_PLACES (supply_place_id, supply_place_name, supply_place_address, location_id) values (14, 'Gabelli Convertible and Income Securities Fund, Inc. (The)', '09 Toban Circle', 14);
insert into SUPPLY_PLACES (supply_place_id, supply_place_name, supply_place_address, location_id) values (15, 'TransCanada Corporation', '61925 Waywood Alley', 15);
insert into SUPPLY_PLACES (supply_place_id, supply_place_name, supply_place_address, location_id) values (16, 'Cresud S.A.C.I.F. y A.', '36400 Shoshone Alley', 16);
insert into SUPPLY_PLACES (supply_place_id, supply_place_name, supply_place_address, location_id) values (17, 'IAC/InterActiveCorp', '45 Ridge Oak Circle', 17);
insert into SUPPLY_PLACES (supply_place_id, supply_place_name, supply_place_address, location_id) values (18, 'Occidental Petroleum Corporation', '547 Susan Alley', 18);
insert into SUPPLY_PLACES (supply_place_id, supply_place_name, supply_place_address, location_id) values (19, 'Nuveen Municipal 2021 Target Term Fund', '774 Center Point', 19);
insert into SUPPLY_PLACES (supply_place_id, supply_place_name, supply_place_address, location_id) values (20, 'Zafgen, Inc.', '8 Ruskin Junction', 20);
insert into SUPPLY_PLACES (supply_place_id, supply_place_name, supply_place_address, location_id) values (21, 'Liberty Expedia Holdings, Inc.', '00 Iowa Parkway', 21);
insert into SUPPLY_PLACES (supply_place_id, supply_place_name, supply_place_address, location_id) values (22, 'Oncobiologics, Inc.', '64 Columbus Park', 22);
insert into SUPPLY_PLACES (supply_place_id, supply_place_name, supply_place_address, location_id) values (23, 'RH', '9686 Lindbergh Circle', 23);
insert into SUPPLY_PLACES (supply_place_id, supply_place_name, supply_place_address, location_id) values (24, 'Templeton Global Income Fund, Inc.', '09 Elka Pass', 24);
insert into SUPPLY_PLACES (supply_place_id, supply_place_name, supply_place_address, location_id) values (25, 'Brown Forman Corporation', '0 Randy Circle', 25);
insert into SUPPLY_PLACES (supply_place_id, supply_place_name, supply_place_address, location_id) values (26, 'Controladora Vuela Compania de Aviacion, S.A.B. de C.V.', '8591 Westridge Hill', 26);
insert into SUPPLY_PLACES (supply_place_id, supply_place_name, supply_place_address, location_id) values (27, 'ARC Group Worldwide, Inc.', '59 Anthes Pass', 27);
insert into SUPPLY_PLACES (supply_place_id, supply_place_name, supply_place_address, location_id) values (28, 'SeaSpine Holdings Corporation', '3 Hoffman Parkway', 28);
insert into SUPPLY_PLACES (supply_place_id, supply_place_name, supply_place_address, location_id) values (29, 'DST Systems, Inc.', '26 Acker Junction', 29);
insert into SUPPLY_PLACES (supply_place_id, supply_place_name, supply_place_address, location_id) values (30, 'Cohen & Steers Total Return Realty Fund, Inc.', '35 7th Terrace', 30);
insert into SUPPLY_PLACES (supply_place_id, supply_place_name, supply_place_address, location_id) values (31, 'Western Asset/Claymore U.S Treasury Inflation Prot Secs Fd 2', '6525 Florence Drive', 31);
insert into SUPPLY_PLACES (supply_place_id, supply_place_name, supply_place_address, location_id) values (32, 'Walter Investment Management Corp.', '251 La Follette Way', 32);
insert into SUPPLY_PLACES (supply_place_id, supply_place_name, supply_place_address, location_id) values (33, 'Belden Inc', '6 Meadow Vale Circle', 33);
insert into SUPPLY_PLACES (supply_place_id, supply_place_name, supply_place_address, location_id) values (34, 'Vistra Energy Corp.', '1141 Messerschmidt Trail', 34);
insert into SUPPLY_PLACES (supply_place_id, supply_place_name, supply_place_address, location_id) values (35, 'Royce Value Trust, Inc.', '62752 Sauthoff Point', 35);
insert into SUPPLY_PLACES (supply_place_id, supply_place_name, supply_place_address, location_id) values (36, 'Seaspan Corporation', '1122 Meadow Vale Place', 36);
insert into SUPPLY_PLACES (supply_place_id, supply_place_name, supply_place_address, location_id) values (37, 'Apartment Investment and Management Company', '97731 Thompson Place', 37);
insert into SUPPLY_PLACES (supply_place_id, supply_place_name, supply_place_address, location_id) values (38, 'PNC Financial Services Group, Inc. (The)', '347 Forest Court', 38);
insert into SUPPLY_PLACES (supply_place_id, supply_place_name, supply_place_address, location_id) values (39, 'AAR Corp.', '67 Knutson Place', 39);
insert into SUPPLY_PLACES (supply_place_id, supply_place_name, supply_place_address, location_id) values (40, 'K2M Group Holdings, Inc.', '668 Kennedy Point', 40);
insert into SUPPLY_PLACES (supply_place_id, supply_place_name, supply_place_address, location_id) values (41, 'Grupo Aeroportuario Del Pacifico, S.A. de C.V.', '56592 Milwaukee Terrace', 41);
insert into SUPPLY_PLACES (supply_place_id, supply_place_name, supply_place_address, location_id) values (42, 'China HGS Real Estate, Inc.', '900 Katie Drive', 42);
insert into SUPPLY_PLACES (supply_place_id, supply_place_name, supply_place_address, location_id) values (43, 'Blackrock Capital and Income Strategies Fund Inc', '4 Macpherson Crossing', 43);
insert into SUPPLY_PLACES (supply_place_id, supply_place_name, supply_place_address, location_id) values (44, 'Superior Uniform Group, Inc.', '83959 Kim Place', 44);
insert into SUPPLY_PLACES (supply_place_id, supply_place_name, supply_place_address, location_id) values (45, 'UMH Properties, Inc.', '08 Sachtjen Street', 45);
insert into SUPPLY_PLACES (supply_place_id, supply_place_name, supply_place_address, location_id) values (46, 'KKR & Co. L.P.', '5 Myrtle Crossing', 46);
insert into SUPPLY_PLACES (supply_place_id, supply_place_name, supply_place_address, location_id) values (47, 'First Trust Low Beta Income ETF', '7 Norway Maple Way', 47);
insert into SUPPLY_PLACES (supply_place_id, supply_place_name, supply_place_address, location_id) values (48, 'RCM Technologies, Inc.', '0 Old Gate Drive', 48);
insert into SUPPLY_PLACES (supply_place_id, supply_place_name, supply_place_address, location_id) values (49, 'Southwest Gas Holdings, Inc.', '111 Stang Drive', 49);
insert into SUPPLY_PLACES (supply_place_id, supply_place_name, supply_place_address, location_id) values (50, 'Kirby Corporation', '27530 Algoma Plaza', 50);
insert into SUPPLY_PLACES (supply_place_id, supply_place_name, supply_place_address, location_id) values (51, 'United Dominion Realty Trust, Inc.', '6535 Artisan Junction', 51);
insert into SUPPLY_PLACES (supply_place_id, supply_place_name, supply_place_address, location_id) values (52, 'NCI Building Systems, Inc.', '5 Dovetail Road', 52);
insert into SUPPLY_PLACES (supply_place_id, supply_place_name, supply_place_address, location_id) values (53, 'Amedica Corporation', '3 Hanover Center', 53);
insert into SUPPLY_PLACES (supply_place_id, supply_place_name, supply_place_address, location_id) values (54, 'Genetic Technologies Ltd', '1553 Mayer Park', 54);
insert into SUPPLY_PLACES (supply_place_id, supply_place_name, supply_place_address, location_id) values (55, 'Luby''s, Inc.', '54832 Prentice Point', 55);
insert into SUPPLY_PLACES (supply_place_id, supply_place_name, supply_place_address, location_id) values (56, 'Abeona Therapeutics Inc.', '4971 Cordelia Point', 56);
insert into SUPPLY_PLACES (supply_place_id, supply_place_name, supply_place_address, location_id) values (57, 'PCM, Inc.', '9184 Hoffman Alley', 57);
insert into SUPPLY_PLACES (supply_place_id, supply_place_name, supply_place_address, location_id) values (58, 'Ladder Capital Corp', '06 Ronald Regan Way', 58);
insert into SUPPLY_PLACES (supply_place_id, supply_place_name, supply_place_address, location_id) values (59, 'Signet Jewelers Limited', '871 Comanche Crossing', 59);
insert into SUPPLY_PLACES (supply_place_id, supply_place_name, supply_place_address, location_id) values (60, 'Goldman Sachs Group, Inc. (The)', '11 Lake View Crossing', 60);
insert into SUPPLY_PLACES (supply_place_id, supply_place_name, supply_place_address, location_id) values (61, 'NantKwest, Inc.', '1 Warbler Junction', 61);
insert into SUPPLY_PLACES (supply_place_id, supply_place_name, supply_place_address, location_id) values (62, 'OFG Bancorp', '359 Grover Park', 62);
insert into SUPPLY_PLACES (supply_place_id, supply_place_name, supply_place_address, location_id) values (63, 'OMNOVA Solutions Inc.', '2983 Buena Vista Avenue', 63);
insert into SUPPLY_PLACES (supply_place_id, supply_place_name, supply_place_address, location_id) values (64, 'John Wiley & Sons, Inc.', '99 Coleman Center', 64);
insert into SUPPLY_PLACES (supply_place_id, supply_place_name, supply_place_address, location_id) values (65, 'Codorus Valley Bancorp, Inc', '11917 Muir Point', 65);
insert into SUPPLY_PLACES (supply_place_id, supply_place_name, supply_place_address, location_id) values (66, 'Norwood Financial Corp.', '36625 Sugar Hill', 66);
insert into SUPPLY_PLACES (supply_place_id, supply_place_name, supply_place_address, location_id) values (67, 'ONE Gas, Inc.', '75827 Lighthouse Bay Crossing', 67);
insert into SUPPLY_PLACES (supply_place_id, supply_place_name, supply_place_address, location_id) values (68, 'Proshares UltraPro Nasdaq Biotechnology', '24 Mariners Cove Crossing', 68);
insert into SUPPLY_PLACES (supply_place_id, supply_place_name, supply_place_address, location_id) values (69, 'National Research Corporation', '18911 Duke Street', 69);
insert into SUPPLY_PLACES (supply_place_id, supply_place_name, supply_place_address, location_id) values (70, 'State Street Corporation', '3 Hallows Alley', 70);
insert into SUPPLY_PLACES (supply_place_id, supply_place_name, supply_place_address, location_id) values (71, 'Nuveen Georgia Quality Municipal Income Fund ', '75121 Lakewood Gardens Street', 71);
insert into SUPPLY_PLACES (supply_place_id, supply_place_name, supply_place_address, location_id) values (72, 'Sigma Labs, Inc.', '61720 Pepper Wood Crossing', 72);
insert into SUPPLY_PLACES (supply_place_id, supply_place_name, supply_place_address, location_id) values (73, 'SMTC Corporation', '5424 Buhler Park', 73);
insert into SUPPLY_PLACES (supply_place_id, supply_place_name, supply_place_address, location_id) values (74, 'Kayne Anderson MLP Investment Company', '2776 Brown Terrace', 74);
insert into SUPPLY_PLACES (supply_place_id, supply_place_name, supply_place_address, location_id) values (75, 'Wells Fargo & Company', '041 Shopko Alley', 75);
insert into SUPPLY_PLACES (supply_place_id, supply_place_name, supply_place_address, location_id) values (76, 'Seattle Genetics, Inc.', '49800 Maple Point', 76);
insert into SUPPLY_PLACES (supply_place_id, supply_place_name, supply_place_address, location_id) values (77, 'PacWest Bancorp', '667 Sunfield Place', 77);
insert into SUPPLY_PLACES (supply_place_id, supply_place_name, supply_place_address, location_id) values (78, 'BSB Bancorp, Inc.', '9219 Charing Cross Center', 78);
insert into SUPPLY_PLACES (supply_place_id, supply_place_name, supply_place_address, location_id) values (79, 'GoPro, Inc.', '9528 Schmedeman Trail', 79);
insert into SUPPLY_PLACES (supply_place_id, supply_place_name, supply_place_address, location_id) values (80, 'Scorpio Tankers Inc.', '74 Thackeray Hill', 80);
insert into SUPPLY_PLACES (supply_place_id, supply_place_name, supply_place_address, location_id) values (81, 'iPath US Treasury Steepener ETN', '7571 Onsgard Alley', 81);
insert into SUPPLY_PLACES (supply_place_id, supply_place_name, supply_place_address, location_id) values (82, 'T. Rowe Price Group, Inc.', '52185 Haas Place', 82);
insert into SUPPLY_PLACES (supply_place_id, supply_place_name, supply_place_address, location_id) values (83, 'Blackrock MuniVest Fund II, Inc.', '96 School Junction', 83);
insert into SUPPLY_PLACES (supply_place_id, supply_place_name, supply_place_address, location_id) values (84, 'SemiLEDS Corporation', '9 Towne Avenue', 84);
insert into SUPPLY_PLACES (supply_place_id, supply_place_name, supply_place_address, location_id) values (85, 'Mobile TeleSystems OJSC', '094 Ronald Regan Alley', 85);
insert into SUPPLY_PLACES (supply_place_id, supply_place_name, supply_place_address, location_id) values (86, 'Iteris, Inc.', '3600 Namekagon Parkway', 86);
insert into SUPPLY_PLACES (supply_place_id, supply_place_name, supply_place_address, location_id) values (87, 'WPX Energy, Inc.', '0252 Stuart Hill', 87);
insert into SUPPLY_PLACES (supply_place_id, supply_place_name, supply_place_address, location_id) values (88, 'Donegal Group, Inc.', '8017 Bayside Drive', 88);
insert into SUPPLY_PLACES (supply_place_id, supply_place_name, supply_place_address, location_id) values (89, 'Spring Bank Pharmaceuticals, Inc.', '35 Northfield Way', 89);
insert into SUPPLY_PLACES (supply_place_id, supply_place_name, supply_place_address, location_id) values (90, 'Braskem S.A.', '608 Katie Street', 90);
insert into SUPPLY_PLACES (supply_place_id, supply_place_name, supply_place_address, location_id) values (91, 'Kandi Technologies Group, Inc.', '3866 Logan Junction', 91);
insert into SUPPLY_PLACES (supply_place_id, supply_place_name, supply_place_address, location_id) values (92, 'Aon plc', '362 American Drive', 92);
insert into SUPPLY_PLACES (supply_place_id, supply_place_name, supply_place_address, location_id) values (93, 'New York Community Bancorp, Inc.', '6 Fulton Place', 93);
insert into SUPPLY_PLACES (supply_place_id, supply_place_name, supply_place_address, location_id) values (94, 'Cray Inc', '18558 Melvin Crossing', 94);
insert into SUPPLY_PLACES (supply_place_id, supply_place_name, supply_place_address, location_id) values (95, 'Dominion Energy, Inc.', '407 Rusk Avenue', 95);
insert into SUPPLY_PLACES (supply_place_id, supply_place_name, supply_place_address, location_id) values (96, 'Blackrock Debt Strategies Fund, Inc.', '8 Everett Park', 96);
insert into SUPPLY_PLACES (supply_place_id, supply_place_name, supply_place_address, location_id) values (97, 'Bio-Rad Laboratories, Inc.', '61719 3rd Crossing', 97);
insert into SUPPLY_PLACES (supply_place_id, supply_place_name, supply_place_address, location_id) values (98, 'BSB Bancorp, Inc.', '5644 Anderson Park', 98);
insert into SUPPLY_PLACES (supply_place_id, supply_place_name, supply_place_address, location_id) values (99, 'ExlService Holdings, Inc.', '8 Bashford Circle', 99);
insert into SUPPLY_PLACES (supply_place_id, supply_place_name, supply_place_address, location_id) values (100, 'Raymond James Financial, Inc.', '5 Eagan Hill', 100);

select count(*) from SUPPLY_PLACES;
--END SUPPLY_PLACES

--SUPPLIERS
insert into SUPPLIERS (supplier_id, supplier_name, supplier_phone_number, supplier_email, supplier_address, location_id) values (11, 'Chariot Jacke', '6172325423', 'cjacke0@yale.edu', '2 Pawling Crossing', 1);
insert into SUPPLIERS (supplier_id, supplier_name, supplier_phone_number, supplier_email, supplier_address, location_id) values (12, 'Lisa Stukings', '4542159131', 'lstukings1@globo.com', '718 Carberry Hill', 2);
insert into SUPPLIERS (supplier_id, supplier_name, supplier_phone_number, supplier_email, supplier_address, location_id) values (13, 'Dirk Simmell', '6212474841', 'dsimmell2@thetimes.co.uk', '6534 Southridge Drive', 3);
insert into SUPPLIERS (supplier_id, supplier_name, supplier_phone_number, supplier_email, supplier_address, location_id) values (14, 'Linda Donoher', '9083370157', 'ldonoher3@networkadvertising.org', '5046 Center Park', 4);
insert into SUPPLIERS (supplier_id, supplier_name, supplier_phone_number, supplier_email, supplier_address, location_id) values (15, 'Lotta Wisham', '3996090253', 'lwisham4@geocities.jp', '515 Ronald Regan Alley', 5);
insert into SUPPLIERS (supplier_id, supplier_name, supplier_phone_number, supplier_email, supplier_address, location_id) values (16, 'Joice Waplinton', '1562283077', 'jwaplinton5@oracle.com', '85750 Raven Parkway', 6);
insert into SUPPLIERS (supplier_id, supplier_name, supplier_phone_number, supplier_email, supplier_address, location_id) values (17, 'Carolin McElroy', '7196145601', 'cmcelroy6@godaddy.com', '1 Sycamore Court', 7);
insert into SUPPLIERS (supplier_id, supplier_name, supplier_phone_number, supplier_email, supplier_address, location_id) values (18, 'Lilas Waterfield', '6898288080', 'lwaterfield7@cbslocal.com', '9333 Duke Park', 8);
insert into SUPPLIERS (supplier_id, supplier_name, supplier_phone_number, supplier_email, supplier_address, location_id) values (19, 'Rickard O'' Flaherty', '5854472763', 'ro8@posterous.com', '972 Arapahoe Pass', 9);
insert into SUPPLIERS (supplier_id, supplier_name, supplier_phone_number, supplier_email, supplier_address, location_id) values (20, 'Annamarie Pyvis', '8462485223', 'apyvis9@reuters.com', '5489 Thackeray Junction', 10);
insert into SUPPLIERS (supplier_id, supplier_name, supplier_phone_number, supplier_email, supplier_address, location_id) values (21, 'Wiatt Dobbison', '6656827612', 'wdobbisona@dedecms.com', '4 Dayton Point', 11);
insert into SUPPLIERS (supplier_id, supplier_name, supplier_phone_number, supplier_email, supplier_address, location_id) values (22, 'Annmarie Batha', '3358519383', 'abathab@imgur.com', '2287 Manley Court', 12);
insert into SUPPLIERS (supplier_id, supplier_name, supplier_phone_number, supplier_email, supplier_address, location_id) values (23, 'Rheba Burnsyde', '7109688718', 'rburnsydec@dropbox.com', '76526 Corben Trail', 13);
insert into SUPPLIERS (supplier_id, supplier_name, supplier_phone_number, supplier_email, supplier_address, location_id) values (24, 'Mady Theobold', '4611369897', 'mtheoboldd@moonfruit.com', '184 Superior Parkway', 14);
insert into SUPPLIERS (supplier_id, supplier_name, supplier_phone_number, supplier_email, supplier_address, location_id) values (25, 'Madelaine Baudain', '8254331193', 'mbaudaine@tmall.com', '9 Gina Hill', 15);
insert into SUPPLIERS (supplier_id, supplier_name, supplier_phone_number, supplier_email, supplier_address, location_id) values (26, 'Kathye Pardon', '5509311269', 'kpardonf@wired.com', '6601 Pankratz Place', 16);
insert into SUPPLIERS (supplier_id, supplier_name, supplier_phone_number, supplier_email, supplier_address, location_id) values (27, 'Dare Seedull', '8748935030', 'dseedullg@usatoday.com', '9 Brown Street', 17);
insert into SUPPLIERS (supplier_id, supplier_name, supplier_phone_number, supplier_email, supplier_address, location_id) values (28, 'Drusie Le Fevre', '4683105533', 'dleh@intel.com', '2 Manley Court', 18);
insert into SUPPLIERS (supplier_id, supplier_name, supplier_phone_number, supplier_email, supplier_address, location_id) values (29, 'Titos Trinbey', '9646651532', 'ttrinbeyi@blogs.com', '2 Transport Alley', 19);
insert into SUPPLIERS (supplier_id, supplier_name, supplier_phone_number, supplier_email, supplier_address, location_id) values (30, 'Lotte Seagrave', '6596395425', 'lseagravej@hud.gov', '8 Waywood Road', 20);
insert into SUPPLIERS (supplier_id, supplier_name, supplier_phone_number, supplier_email, supplier_address, location_id) values (31, 'Sol Maria', '3411281958', 'smariak@java.com', '922 Ridge Oak Junction', 21);
insert into SUPPLIERS (supplier_id, supplier_name, supplier_phone_number, supplier_email, supplier_address, location_id) values (32, 'Zane Fairpool', '8245841627', 'zfairpooll@sourceforge.net', '42726 Granby Junction', 22);
insert into SUPPLIERS (supplier_id, supplier_name, supplier_phone_number, supplier_email, supplier_address, location_id) values (33, 'Court Awin', '8089688397', 'cawinm@goo.ne.jp', '3 Summit Street', 23);
insert into SUPPLIERS (supplier_id, supplier_name, supplier_phone_number, supplier_email, supplier_address, location_id) values (34, 'Erv Northrop', '4252610342', 'enorthropn@oaic.gov.au', '28 Coleman Terrace', 24);
insert into SUPPLIERS (supplier_id, supplier_name, supplier_phone_number, supplier_email, supplier_address, location_id) values (35, 'Shelly Tawton', '2245467127', 'stawtono@cbslocal.com', '1 Debra Hill', 25);
insert into SUPPLIERS (supplier_id, supplier_name, supplier_phone_number, supplier_email, supplier_address, location_id) values (36, 'Kylynn McGavin', '7539465068', 'kmcgavinp@amazon.de', '607 Miller Pass', 26);
insert into SUPPLIERS (supplier_id, supplier_name, supplier_phone_number, supplier_email, supplier_address, location_id) values (37, 'Anderson Cromett', '8927189616', 'acromettq@sciencedaily.com', '4 Longview Park', 27);
insert into SUPPLIERS (supplier_id, supplier_name, supplier_phone_number, supplier_email, supplier_address, location_id) values (38, 'Joice Mitkov', '3794550004', 'jmitkovr@dedecms.com', '8 Scoville Center', 28);
insert into SUPPLIERS (supplier_id, supplier_name, supplier_phone_number, supplier_email, supplier_address, location_id) values (39, 'Willi Felgate', '6269094593', 'wfelgates@engadget.com', '99830 Roth Place', 29);
insert into SUPPLIERS (supplier_id, supplier_name, supplier_phone_number, supplier_email, supplier_address, location_id) values (40, 'Goran Brinicombe', '9634368471', 'gbrinicombet@ow.ly', '992 Badeau Place', 30);
insert into SUPPLIERS (supplier_id, supplier_name, supplier_phone_number, supplier_email, supplier_address, location_id) values (41, 'Gail Allport', '9913602110', 'gallportu@yelp.com', '3 Sutherland Point', 31);
insert into SUPPLIERS (supplier_id, supplier_name, supplier_phone_number, supplier_email, supplier_address, location_id) values (42, 'Dun Keilloh', '1084720850', 'dkeillohv@shinystat.com', '6606 Almo Street', 32);
insert into SUPPLIERS (supplier_id, supplier_name, supplier_phone_number, supplier_email, supplier_address, location_id) values (43, 'Agnola Cure', '3191773247', 'acurew@scientificamerican.com', '52278 Arrowood Drive', 33);
insert into SUPPLIERS (supplier_id, supplier_name, supplier_phone_number, supplier_email, supplier_address, location_id) values (44, 'Katherine Clubb', '3158737027', 'kclubbx@histats.com', '92 Dottie Parkway', 34);
insert into SUPPLIERS (supplier_id, supplier_name, supplier_phone_number, supplier_email, supplier_address, location_id) values (45, 'Eduard Crole', '1765717942', 'ecroley@shop-pro.jp', '6 Texas Avenue', 35);
insert into SUPPLIERS (supplier_id, supplier_name, supplier_phone_number, supplier_email, supplier_address, location_id) values (46, 'Mignon Tacker', '1259558824', 'mtackerz@aol.com', '0294 Buhler Street', 36);
insert into SUPPLIERS (supplier_id, supplier_name, supplier_phone_number, supplier_email, supplier_address, location_id) values (47, 'Chaddy Mateev', '8878113147', 'cmateev10@lycos.com', '09 Cottonwood Drive', 37);
insert into SUPPLIERS (supplier_id, supplier_name, supplier_phone_number, supplier_email, supplier_address, location_id) values (48, 'Granger Maly', '9428072440', 'gmaly11@slate.com', '4 Pennsylvania Way', 38);
insert into SUPPLIERS (supplier_id, supplier_name, supplier_phone_number, supplier_email, supplier_address, location_id) values (49, 'Burtie Riepel', '2089294459', 'briepel12@is.gd', '17643 Riverside Hill', 39);
insert into SUPPLIERS (supplier_id, supplier_name, supplier_phone_number, supplier_email, supplier_address, location_id) values (50, 'Rogers Pilbeam', '1979344702', 'rpilbeam13@pen.io', '2855 Commercial Court', 40);
insert into SUPPLIERS (supplier_id, supplier_name, supplier_phone_number, supplier_email, supplier_address, location_id) values (51, 'Spike Jore', '4827531419', 'sjore14@unblog.fr', '2282 Arkansas Point', 41);
insert into SUPPLIERS (supplier_id, supplier_name, supplier_phone_number, supplier_email, supplier_address, location_id) values (52, 'Curry Granger', '5611010172', 'cgranger15@ifeng.com', '159 Jana Parkway', 42);
insert into SUPPLIERS (supplier_id, supplier_name, supplier_phone_number, supplier_email, supplier_address, location_id) values (53, 'Roddie Gummer', '1262731135', 'rgummer16@utexas.edu', '43930 Derek Alley', 43);
insert into SUPPLIERS (supplier_id, supplier_name, supplier_phone_number, supplier_email, supplier_address, location_id) values (54, 'Darb Agron', '6946644125', 'dagron17@php.net', '35 Starling Junction', 44);
insert into SUPPLIERS (supplier_id, supplier_name, supplier_phone_number, supplier_email, supplier_address, location_id) values (55, 'Petronille Jersh', '5242084720', 'pjersh18@adobe.com', '5196 Maple Wood Lane', 45);
insert into SUPPLIERS (supplier_id, supplier_name, supplier_phone_number, supplier_email, supplier_address, location_id) values (56, 'Fey Georgeou', '5167840807', 'fgeorgeou19@microsoft.com', '0 Sutteridge Junction', 46);
insert into SUPPLIERS (supplier_id, supplier_name, supplier_phone_number, supplier_email, supplier_address, location_id) values (57, 'Melessa Grenfell', '8732557242', 'mgrenfell1a@auda.org.au', '56 Mitchell Junction', 47);
insert into SUPPLIERS (supplier_id, supplier_name, supplier_phone_number, supplier_email, supplier_address, location_id) values (58, 'Oliy Morison', '4329365299', 'omorison1b@tinyurl.com', '57422 Montana Street', 48);
insert into SUPPLIERS (supplier_id, supplier_name, supplier_phone_number, supplier_email, supplier_address, location_id) values (59, 'Jourdan McErlaine', '7597400531', 'jmcerlaine1c@sciencedirect.com', '3963 Maryland Lane', 49);
insert into SUPPLIERS (supplier_id, supplier_name, supplier_phone_number, supplier_email, supplier_address, location_id) values (60, 'Zed Bessett', '3166547624', 'zbessett1d@deliciousdays.com', '164 Daystar Drive', 50);
insert into SUPPLIERS (supplier_id, supplier_name, supplier_phone_number, supplier_email, supplier_address, location_id) values (61, 'Ellette McCaffrey', '2021946656', 'emccaffrey1e@yandex.ru', '95759 Sheridan Hill', 51);
insert into SUPPLIERS (supplier_id, supplier_name, supplier_phone_number, supplier_email, supplier_address, location_id) values (62, 'Harbert Rendall', '8271550006', 'hrendall1f@seesaa.net', '7152 New Castle Place', 52);
insert into SUPPLIERS (supplier_id, supplier_name, supplier_phone_number, supplier_email, supplier_address, location_id) values (63, 'Gabbi Daveridge', '9275940781', 'gdaveridge1g@digg.com', '92 Ridge Oak Plaza', 53);
insert into SUPPLIERS (supplier_id, supplier_name, supplier_phone_number, supplier_email, supplier_address, location_id) values (64, 'Major Hadwen', '1117824052', 'mhadwen1h@virginia.edu', '78350 Jana Junction', 54);
insert into SUPPLIERS (supplier_id, supplier_name, supplier_phone_number, supplier_email, supplier_address, location_id) values (65, 'Chalmers Durnford', '6688341674', 'cdurnford1i@devhub.com', '971 Scofield Road', 55);
insert into SUPPLIERS (supplier_id, supplier_name, supplier_phone_number, supplier_email, supplier_address, location_id) values (66, 'Walker Bailles', '7056902200', 'wbailles1j@feedburner.com', '03570 Birchwood Crossing', 56);
insert into SUPPLIERS (supplier_id, supplier_name, supplier_phone_number, supplier_email, supplier_address, location_id) values (67, 'Gaspard Hillum', '5452629997', 'ghillum1k@indiegogo.com', '92953 Park Meadow Alley', 57);
insert into SUPPLIERS (supplier_id, supplier_name, supplier_phone_number, supplier_email, supplier_address, location_id) values (68, 'Padget Prince', '7829387556', 'pprince1l@dailymotion.com', '247 Westridge Crossing', 58);
insert into SUPPLIERS (supplier_id, supplier_name, supplier_phone_number, supplier_email, supplier_address, location_id) values (69, 'Abey Showler', '6138258575', 'ashowler1m@sun.com', '915 Milwaukee Lane', 59);
insert into SUPPLIERS (supplier_id, supplier_name, supplier_phone_number, supplier_email, supplier_address, location_id) values (70, 'Nicky Ciccoloi', '5977714911', 'nciccoloi1n@zimbio.com', '5246 Messerschmidt Place', 60);
insert into SUPPLIERS (supplier_id, supplier_name, supplier_phone_number, supplier_email, supplier_address, location_id) values (71, 'Cirstoforo Shinfield', '2518309779', 'cshinfield1o@pbs.org', '75610 Gateway Place', 61);
insert into SUPPLIERS (supplier_id, supplier_name, supplier_phone_number, supplier_email, supplier_address, location_id) values (72, 'Cchaddie Barlass', '3579994979', 'cbarlass1p@ed.gov', '824 Monument Circle', 62);
insert into SUPPLIERS (supplier_id, supplier_name, supplier_phone_number, supplier_email, supplier_address, location_id) values (73, 'Neille Blevin', '4291435337', 'nblevin1q@nyu.edu', '3 Hoard Lane', 63);
insert into SUPPLIERS (supplier_id, supplier_name, supplier_phone_number, supplier_email, supplier_address, location_id) values (74, 'Decca Willingam', '6724665302', 'dwillingam1r@jugem.jp', '8 Pepper Wood Point', 64);
insert into SUPPLIERS (supplier_id, supplier_name, supplier_phone_number, supplier_email, supplier_address, location_id) values (75, 'Obadias Thody', '2004223770', 'othody1s@over-blog.com', '2 Sutherland Alley', 65);
insert into SUPPLIERS (supplier_id, supplier_name, supplier_phone_number, supplier_email, supplier_address, location_id) values (76, 'Kary Bodechon', '8867581264', 'kbodechon1t@hp.com', '13 Bobwhite Center', 66);
insert into SUPPLIERS (supplier_id, supplier_name, supplier_phone_number, supplier_email, supplier_address, location_id) values (77, 'Dev Kender', '1934648381', 'dkender1u@time.com', '5 Hudson Way', 67);
insert into SUPPLIERS (supplier_id, supplier_name, supplier_phone_number, supplier_email, supplier_address, location_id) values (78, 'Aluin Kildale', '7148407262', 'akildale1v@multiply.com', '590 Nevada Court', 68);
insert into SUPPLIERS (supplier_id, supplier_name, supplier_phone_number, supplier_email, supplier_address, location_id) values (79, 'Nancie Scampion', '4231406756', 'nscampion1w@soundcloud.com', '499 Hansons Avenue', 69);
insert into SUPPLIERS (supplier_id, supplier_name, supplier_phone_number, supplier_email, supplier_address, location_id) values (80, 'Jaimie Kacheler', '3577420310', 'jkacheler1x@hexun.com', '186 Mallard Hill', 70);
insert into SUPPLIERS (supplier_id, supplier_name, supplier_phone_number, supplier_email, supplier_address, location_id) values (81, 'Stacey Ong', '5682209276', 'song1y@state.tx.us', '2425 Ruskin Drive', 71);
insert into SUPPLIERS (supplier_id, supplier_name, supplier_phone_number, supplier_email, supplier_address, location_id) values (82, 'Arabella Renny', '6511199561', 'arenny1z@businesswire.com', '69490 Larry Terrace', 72);
insert into SUPPLIERS (supplier_id, supplier_name, supplier_phone_number, supplier_email, supplier_address, location_id) values (83, 'Crista Moulsdale', '7584248568', 'cmoulsdale20@boston.com', '41505 Summer Ridge Drive', 73);
insert into SUPPLIERS (supplier_id, supplier_name, supplier_phone_number, supplier_email, supplier_address, location_id) values (84, 'Hillery Marrows', '5555240073', 'hmarrows21@cyberchimps.com', '49 Old Gate Park', 74);
insert into SUPPLIERS (supplier_id, supplier_name, supplier_phone_number, supplier_email, supplier_address, location_id) values (85, 'Danika Upjohn', '3699704072', 'dupjohn22@hud.gov', '6703 Mcguire Way', 75);
insert into SUPPLIERS (supplier_id, supplier_name, supplier_phone_number, supplier_email, supplier_address, location_id) values (86, 'Alister Lezemore', '6824181352', 'alezemore23@seesaa.net', '3264 Vidon Center', 76);
insert into SUPPLIERS (supplier_id, supplier_name, supplier_phone_number, supplier_email, supplier_address, location_id) values (87, 'Ward Eplett', '5703504571', 'weplett24@wix.com', '27054 Orin Circle', 77);
insert into SUPPLIERS (supplier_id, supplier_name, supplier_phone_number, supplier_email, supplier_address, location_id) values (88, 'Flore Wilsey', '4822673330', 'fwilsey25@pbs.org', '302 Veith Center', 78);
insert into SUPPLIERS (supplier_id, supplier_name, supplier_phone_number, supplier_email, supplier_address, location_id) values (89, 'Andeee Griffith', '7873465069', 'agriffith26@earthlink.net', '21 Goodland Center', 79);
insert into SUPPLIERS (supplier_id, supplier_name, supplier_phone_number, supplier_email, supplier_address, location_id) values (90, 'Chadd Darnbrook', '8201217499', 'cdarnbrook27@nbcnews.com', '60135 Northwestern Trail', 80);
insert into SUPPLIERS (supplier_id, supplier_name, supplier_phone_number, supplier_email, supplier_address, location_id) values (91, 'Hubey Bownd', '3113886844', 'hbownd28@ucoz.com', '5993 Hooker Road', 81);
insert into SUPPLIERS (supplier_id, supplier_name, supplier_phone_number, supplier_email, supplier_address, location_id) values (92, 'Tedra Niave', '2693834670', 'tniave29@washington.edu', '17 Onsgard Street', 82);
insert into SUPPLIERS (supplier_id, supplier_name, supplier_phone_number, supplier_email, supplier_address, location_id) values (93, 'Sybille Edlyn', '8135709786', 'sedlyn2a@google.ru', '08 Del Mar Point', 83);
insert into SUPPLIERS (supplier_id, supplier_name, supplier_phone_number, supplier_email, supplier_address, location_id) values (94, 'Catina Feitosa', '1358104181', 'cfeitosa2b@google.co.uk', '9 Hudson Center', 84);
insert into SUPPLIERS (supplier_id, supplier_name, supplier_phone_number, supplier_email, supplier_address, location_id) values (95, 'Ivonne Dumphry', '7523004545', 'idumphry2c@bloomberg.com', '8830 Oak Street', 85);
insert into SUPPLIERS (supplier_id, supplier_name, supplier_phone_number, supplier_email, supplier_address, location_id) values (96, 'Lizzie Coutts', '6982914924', 'lcoutts2d@infoseek.co.jp', '66996 Loomis Hill', 86);
insert into SUPPLIERS (supplier_id, supplier_name, supplier_phone_number, supplier_email, supplier_address, location_id) values (97, 'Scot Carette', '4919040854', 'scarette2e@ow.ly', '16 Morning Circle', 87);
insert into SUPPLIERS (supplier_id, supplier_name, supplier_phone_number, supplier_email, supplier_address, location_id) values (98, 'Travers Toothill', '6526029983', 'ttoothill2f@ameblo.jp', '55352 Daystar Lane', 88);
insert into SUPPLIERS (supplier_id, supplier_name, supplier_phone_number, supplier_email, supplier_address, location_id) values (99, 'Brunhilde Grutchfield', '2996981794', 'bgrutchfield2g@go.com', '3 Truax Trail', 89);
insert into SUPPLIERS (supplier_id, supplier_name, supplier_phone_number, supplier_email, supplier_address, location_id) values (100, 'Cedric Blakeborough', '3228345707', 'cblakeborough2h@joomla.org', '927 Burrows Pass', 90);
insert into SUPPLIERS (supplier_id, supplier_name, supplier_phone_number, supplier_email, supplier_address, location_id) values (101, 'Melody Kroin', '2763747310', 'mkroin2i@dot.gov', '8 Trailsway Avenue', 91);
insert into SUPPLIERS (supplier_id, supplier_name, supplier_phone_number, supplier_email, supplier_address, location_id) values (102, 'Laura Chazerand', '7808190822', 'lchazerand2j@digg.com', '4 Calypso Drive', 92);
insert into SUPPLIERS (supplier_id, supplier_name, supplier_phone_number, supplier_email, supplier_address, location_id) values (103, 'Aleen Balasini', '3103990985', 'abalasini2k@whitehouse.gov', '057 Maple Wood Junction', 93);
insert into SUPPLIERS (supplier_id, supplier_name, supplier_phone_number, supplier_email, supplier_address, location_id) values (104, 'Elijah Biles', '3126525760', 'ebiles2l@last.fm', '9204 Northport Plaza', 94);
insert into SUPPLIERS (supplier_id, supplier_name, supplier_phone_number, supplier_email, supplier_address, location_id) values (105, 'Franklyn Faustin', '3328421710', 'ffaustin2m@microsoft.com', '317 Scoville Place', 95);
insert into SUPPLIERS (supplier_id, supplier_name, supplier_phone_number, supplier_email, supplier_address, location_id) values (106, 'Moselle Haysom', '5057390224', 'mhaysom2n@narod.ru', '83 Sachtjen Junction', 96);
insert into SUPPLIERS (supplier_id, supplier_name, supplier_phone_number, supplier_email, supplier_address, location_id) values (107, 'Manon Pimbley', '8131267358', 'mpimbley2o@purevolume.com', '0 Anniversary Center', 97);
insert into SUPPLIERS (supplier_id, supplier_name, supplier_phone_number, supplier_email, supplier_address, location_id) values (108, 'Tatiania Godrich', '8289825766', 'tgodrich2p@i2i.jp', '66 Victoria Street', 98);
insert into SUPPLIERS (supplier_id, supplier_name, supplier_phone_number, supplier_email, supplier_address, location_id) values (109, 'Chlo Wittleton', '3679868465', 'cwittleton2q@about.me', '53 Orin Plaza', 99);
insert into SUPPLIERS (supplier_id, supplier_name, supplier_phone_number, supplier_email, supplier_address, location_id) values (110, 'Clifford Bellchamber', '4012851179', 'cbellchamber2r@unc.edu', '30 Bowman Place', 100);

select count(*) from suppliers;
--END SUPPLIERS

commit;

--DEPARTMENTS
--rollback;
alter sequence ids restart start with 12;
insert into DEPARTMENTS (department_id, department_name) values (default, 'Product Management');
insert into DEPARTMENTS (department_id, department_name) values (default, 'Research and Development');
insert into DEPARTMENTS (department_id, department_name) values (default, 'Sales');
select max(department_id) from departments;
--END DEPARTMENTS

commit;

--SHOPS
insert into SHOPS (shop_id, shop_name, shop_address, location_id, department_id) values (12, 'Weimann-Christiansen', '3 Larry Place', 100, 7);
insert into SHOPS (shop_id, shop_name, shop_address, location_id, department_id) values (13, 'Kuvalis, Abshire and', '848 Walton Alley', 70, 15);
insert into SHOPS (shop_id, shop_name, shop_address, location_id, department_id) values (14, 'Nitzsche, Auer and A', '76 Bartillon Junction', 57, 3);
insert into SHOPS (shop_id, shop_name, shop_address, location_id, department_id) values (15, 'Fay-Franecki', '1 Sunbrook Lane', 31, 3);
insert into SHOPS (shop_id, shop_name, shop_address, location_id, department_id) values (16, 'Lynch Inc', '58517 Arkansas Place', 40, 3);
insert into SHOPS (shop_id, shop_name, shop_address, location_id, department_id) values (17, 'Hodkiewicz and Sons', '6873 Gulseth Hill', 7, 8);
insert into SHOPS (shop_id, shop_name, shop_address, location_id, department_id) values (18, 'Schmeler, Thiel and ', '50052 Russell Trail', 38, 11);
insert into SHOPS (shop_id, shop_name, shop_address, location_id, department_id) values (19, 'Thompson-Kunde', '09 Elgar Hill', 101, 12);
insert into SHOPS (shop_id, shop_name, shop_address, location_id, department_id) values (20, 'Huel LLC', '0 Sycamore Hill', 25, 14);
insert into SHOPS (shop_id, shop_name, shop_address, location_id, department_id) values (21, 'Reynolds and Sons', '959 Homewood Pass', 35, 4);
insert into SHOPS (shop_id, shop_name, shop_address, location_id, department_id) values (22, 'Carroll, Hintz and H', '387 Trailsway Park', 67, 13);
insert into SHOPS (shop_id, shop_name, shop_address, location_id, department_id) values (23, 'Mann-Reilly', '976 Portage Road', 101, 7);
insert into SHOPS (shop_id, shop_name, shop_address, location_id, department_id) values (24, 'Dibbert Group', '42 Saint Paul Lane', 10, 10);
insert into SHOPS (shop_id, shop_name, shop_address, location_id, department_id) values (25, 'Metz-Roberts', '203 Washington Circle', 102, 9);
insert into SHOPS (shop_id, shop_name, shop_address, location_id, department_id) values (26, 'Barrows-Jaskolski', '0542 Amoth Terrace', 113, 15);
insert into SHOPS (shop_id, shop_name, shop_address, location_id, department_id) values (27, 'Welch, Huels and Sch', '404 Fulton Avenue', 40, 5);
insert into SHOPS (shop_id, shop_name, shop_address, location_id, department_id) values (28, 'Murray-Nikolaus', '266 Kings Parkway', 115, 3);
insert into SHOPS (shop_id, shop_name, shop_address, location_id, department_id) values (29, 'Hettinger-Kshlerin', '10242 Meadow Vale Pass', 30, 1);
insert into SHOPS (shop_id, shop_name, shop_address, location_id, department_id) values (30, 'Wintheiser Group', '19 Schmedeman Crossing', 88, 7);
insert into SHOPS (shop_id, shop_name, shop_address, location_id, department_id) values (31, 'Padberg and Sons', '24 Ruskin Point', 2, 4);
insert into SHOPS (shop_id, shop_name, shop_address, location_id, department_id) values (32, 'Jacobs-Weimann', '589 Sloan Park', 65, 11);
insert into SHOPS (shop_id, shop_name, shop_address, location_id, department_id) values (33, 'Grimes Inc', '717 Delladonna Court', 111, 14);
insert into SHOPS (shop_id, shop_name, shop_address, location_id, department_id) values (34, 'Padberg LLC', '77 Hanson Lane', 47, 6);
insert into SHOPS (shop_id, shop_name, shop_address, location_id, department_id) values (35, 'Jacobs, Schuppe and ', '9 Bluejay Court', 5, 13);
insert into SHOPS (shop_id, shop_name, shop_address, location_id, department_id) values (36, 'Cormier, Klein and R', '5761 Atwood Avenue', 62, 6);
insert into SHOPS (shop_id, shop_name, shop_address, location_id, department_id) values (37, 'Kassulke-Marvin', '0011 Merrick Avenue', 98, 11);
insert into SHOPS (shop_id, shop_name, shop_address, location_id, department_id) values (38, 'Hackett, Marks and G', '07 Meadow Ridge Road', 22, 1);
insert into SHOPS (shop_id, shop_name, shop_address, location_id, department_id) values (39, 'Nitzsche, Trantow an', '1 Armistice Terrace', 34, 12);
insert into SHOPS (shop_id, shop_name, shop_address, location_id, department_id) values (40, 'Kovacek, Turner and ', '99027 Little Fleur Circle', 24, 2);
insert into SHOPS (shop_id, shop_name, shop_address, location_id, department_id) values (41, 'Moen and Sons', '2 Eastwood Pass', 120, 6);
insert into SHOPS (shop_id, shop_name, shop_address, location_id, department_id) values (42, 'Abshire, McLaughlin ', '4 Derek Lane', 47, 8);
insert into SHOPS (shop_id, shop_name, shop_address, location_id, department_id) values (43, 'Stokes, Bednar and G', '3996 Westend Lane', 85, 6);
insert into SHOPS (shop_id, shop_name, shop_address, location_id, department_id) values (44, 'Beatty, Klein and Vo', '20 Swallow Pass', 61, 13);
insert into SHOPS (shop_id, shop_name, shop_address, location_id, department_id) values (45, 'Mayert, Wiza and Kle', '681 Lake View Alley', 26, 13);
insert into SHOPS (shop_id, shop_name, shop_address, location_id, department_id) values (46, 'Gerlach Inc', '75592 Hansons Circle', 79, 9);
insert into SHOPS (shop_id, shop_name, shop_address, location_id, department_id) values (47, 'Ruecker-Mertz', '7 Dorton Place', 64, 3);
insert into SHOPS (shop_id, shop_name, shop_address, location_id, department_id) values (48, 'Mueller, Mosciski an', '50003 Maywood Trail', 122, 7);
insert into SHOPS (shop_id, shop_name, shop_address, location_id, department_id) values (49, 'Ferry Group', '39 Shoshone Place', 67, 6);
insert into SHOPS (shop_id, shop_name, shop_address, location_id, department_id) values (50, 'Wisoky-Johnston', '99033 Westerfield Parkway', 96, 9);
insert into SHOPS (shop_id, shop_name, shop_address, location_id, department_id) values (51, 'Batz, O''Connell and ', '30758 Evergreen Lane', 5, 3);
insert into SHOPS (shop_id, shop_name, shop_address, location_id, department_id) values (52, 'Braun LLC', '65467 Moose Lane', 23, 9);
insert into SHOPS (shop_id, shop_name, shop_address, location_id, department_id) values (53, 'Rosenbaum-Lakin', '14 Meadow Vale Point', 73, 4);
insert into SHOPS (shop_id, shop_name, shop_address, location_id, department_id) values (54, 'Kiehn and Sons', '7 Lunder Street', 115, 12);
insert into SHOPS (shop_id, shop_name, shop_address, location_id, department_id) values (55, 'Conroy, Russel and J', '51 Arizona Park', 66, 14);
insert into SHOPS (shop_id, shop_name, shop_address, location_id, department_id) values (56, 'Emard, Koepp and Pur', '80827 Blackbird Way', 112, 5);
insert into SHOPS (shop_id, shop_name, shop_address, location_id, department_id) values (57, 'Cormier and Sons', '24344 Fieldstone Drive', 45, 3);
insert into SHOPS (shop_id, shop_name, shop_address, location_id, department_id) values (58, 'Weissnat, Von and Zb', '84 Harbort Avenue', 95, 6);
insert into SHOPS (shop_id, shop_name, shop_address, location_id, department_id) values (59, 'Predovic, Kessler an', '72 Montana Court', 89, 8);
insert into SHOPS (shop_id, shop_name, shop_address, location_id, department_id) values (60, 'Green, Huels and Sto', '3 Fuller Drive', 90, 7);
insert into SHOPS (shop_id, shop_name, shop_address, location_id, department_id) values (61, 'Lind Group', '24168 Kennedy Lane', 12, 9);
insert into SHOPS (shop_id, shop_name, shop_address, location_id, department_id) values (62, 'Dietrich Inc', '277 Hazelcrest Parkway', 9, 11);
insert into SHOPS (shop_id, shop_name, shop_address, location_id, department_id) values (63, 'Nienow LLC', '72724 Shasta Trail', 93, 2);
insert into SHOPS (shop_id, shop_name, shop_address, location_id, department_id) values (64, 'Cronin-Volkman', '84955 Continental Hill', 32, 9);
insert into SHOPS (shop_id, shop_name, shop_address, location_id, department_id) values (65, 'Lesch, Hegmann and K', '7830 Amoth Drive', 89, 8);
insert into SHOPS (shop_id, shop_name, shop_address, location_id, department_id) values (66, 'Heaney, King and Gay', '62 Monument Way', 116, 11);
insert into SHOPS (shop_id, shop_name, shop_address, location_id, department_id) values (67, 'Russel-Huel', '891 Cambridge Court', 47, 8);
insert into SHOPS (shop_id, shop_name, shop_address, location_id, department_id) values (68, 'Raynor, Adams and Mc', '42968 Pankratz Circle', 119, 11);
insert into SHOPS (shop_id, shop_name, shop_address, location_id, department_id) values (69, 'Little LLC', '331 Cordelia Parkway', 94, 1);
insert into SHOPS (shop_id, shop_name, shop_address, location_id, department_id) values (70, 'Romaguera-Johns', '881 Mockingbird Way', 87, 15);
insert into SHOPS (shop_id, shop_name, shop_address, location_id, department_id) values (71, 'Lindgren, Hand and D', '8048 Ruskin Park', 103, 6);
insert into SHOPS (shop_id, shop_name, shop_address, location_id, department_id) values (72, 'Lockman, Turcotte an', '31 Gale Crossing', 99, 2);
insert into SHOPS (shop_id, shop_name, shop_address, location_id, department_id) values (73, 'Balistreri-Kulas', '2658 Mallory Avenue', 89, 15);
insert into SHOPS (shop_id, shop_name, shop_address, location_id, department_id) values (74, 'Jerde-Champlin', '07 Waywood Drive', 9, 11);
insert into SHOPS (shop_id, shop_name, shop_address, location_id, department_id) values (75, 'Okuneva, White and S', '30377 1st Pass', 122, 3);
insert into SHOPS (shop_id, shop_name, shop_address, location_id, department_id) values (76, 'Renner Group', '99 Spaight Lane', 100, 14);
insert into SHOPS (shop_id, shop_name, shop_address, location_id, department_id) values (77, 'Mitchell, Gutkowski ', '91 Cascade Circle', 122, 6);
insert into SHOPS (shop_id, shop_name, shop_address, location_id, department_id) values (78, 'Parisian Group', '25670 Union Place', 69, 9);
insert into SHOPS (shop_id, shop_name, shop_address, location_id, department_id) values (79, 'Simonis LLC', '2 Milwaukee Center', 7, 6);
insert into SHOPS (shop_id, shop_name, shop_address, location_id, department_id) values (80, 'Runolfsdottir-Fay', '0003 Rutledge Road', 30, 14);
insert into SHOPS (shop_id, shop_name, shop_address, location_id, department_id) values (81, 'Kertzmann-Steuber', '50837 Mifflin Drive', 67, 3);
insert into SHOPS (shop_id, shop_name, shop_address, location_id, department_id) values (82, 'Hoeger LLC', '14355 Brown Hill', 107, 2);
insert into SHOPS (shop_id, shop_name, shop_address, location_id, department_id) values (83, 'Ward-Hirthe', '93 Logan Trail', 36, 5);
insert into SHOPS (shop_id, shop_name, shop_address, location_id, department_id) values (84, 'Beer, Willms and Joh', '442 Gerald Way', 93, 12);
insert into SHOPS (shop_id, shop_name, shop_address, location_id, department_id) values (85, 'Hartmann-Hoeger', '95406 Sommers Road', 27, 10);
insert into SHOPS (shop_id, shop_name, shop_address, location_id, department_id) values (86, 'Halvorson-Gerhold', '6301 Packers Court', 13, 13);
insert into SHOPS (shop_id, shop_name, shop_address, location_id, department_id) values (87, 'Considine LLC', '02632 Manley Pass', 47, 4);
insert into SHOPS (shop_id, shop_name, shop_address, location_id, department_id) values (88, 'Crist Inc', '06 East Avenue', 118, 3);
insert into SHOPS (shop_id, shop_name, shop_address, location_id, department_id) values (89, 'Marvin, Cummerata an', '1711 Melody Drive', 21, 7);
insert into SHOPS (shop_id, shop_name, shop_address, location_id, department_id) values (90, 'Homenick-Flatley', '29 Melby Way', 82, 12);
insert into SHOPS (shop_id, shop_name, shop_address, location_id, department_id) values (91, 'Bartell LLC', '1875 Heath Road', 104, 13);
insert into SHOPS (shop_id, shop_name, shop_address, location_id, department_id) values (92, 'Kilback-Hammes', '0912 Scott Avenue', 58, 13);
insert into SHOPS (shop_id, shop_name, shop_address, location_id, department_id) values (93, 'Daniel-Erdman', '93 Hudson Road', 63, 5);
insert into SHOPS (shop_id, shop_name, shop_address, location_id, department_id) values (94, 'Rohan, Witting and H', '6162 Melby Pass', 118, 14);
insert into SHOPS (shop_id, shop_name, shop_address, location_id, department_id) values (95, 'Kunze, Bednar and Je', '582 Alpine Crossing', 55, 1);
insert into SHOPS (shop_id, shop_name, shop_address, location_id, department_id) values (96, 'Weimann-Schinner', '110 Reindahl Street', 31, 6);
insert into SHOPS (shop_id, shop_name, shop_address, location_id, department_id) values (97, 'Greenholt-Von', '242 Sunfield Circle', 106, 3);
insert into SHOPS (shop_id, shop_name, shop_address, location_id, department_id) values (98, 'Rice and Sons', '7 Boyd Parkway', 69, 9);
insert into SHOPS (shop_id, shop_name, shop_address, location_id, department_id) values (99, 'Beer, Koch and Veum', '13 Karstens Crossing', 118, 1);
insert into SHOPS (shop_id, shop_name, shop_address, location_id, department_id) values (100, 'Zulauf and Sons', '14292 Welch Center', 16, 10);
insert into SHOPS (shop_id, shop_name, shop_address, location_id, department_id) values (101, 'Steuber-Spencer', '08533 Summit Court', 43, 10);
insert into SHOPS (shop_id, shop_name, shop_address, location_id, department_id) values (102, 'Weber and Sons', '1 Memorial Center', 10, 11);
insert into SHOPS (shop_id, shop_name, shop_address, location_id, department_id) values (103, 'Rippin and Sons', '2 Mccormick Plaza', 20, 15);
insert into SHOPS (shop_id, shop_name, shop_address, location_id, department_id) values (104, 'Schulist, Gibson and', '6140 Reindahl Park', 50, 15);
insert into SHOPS (shop_id, shop_name, shop_address, location_id, department_id) values (105, 'Schuster, Hermann an', '31715 Maywood Court', 14, 5);
insert into SHOPS (shop_id, shop_name, shop_address, location_id, department_id) values (106, 'Schimmel-Grimes', '7 Burrows Hill', 1, 7);
insert into SHOPS (shop_id, shop_name, shop_address, location_id, department_id) values (107, 'Kulas Inc', '5352 Hallows Park', 72, 1);
insert into SHOPS (shop_id, shop_name, shop_address, location_id, department_id) values (108, 'Streich-Krajcik', '25592 6th Park', 108, 3);
insert into SHOPS (shop_id, shop_name, shop_address, location_id, department_id) values (109, 'Zulauf-Lueilwitz', '6023 Green Parkway', 55, 2);
insert into SHOPS (shop_id, shop_name, shop_address, location_id, department_id) values (110, 'Bosco, Bartell and O', '342 High Crossing Lane', 16, 7);
insert into SHOPS (shop_id, shop_name, shop_address, location_id, department_id) values (111, 'Rogahn, Herman and S', '05523 Shopko Hill', 56, 1);
select count(*) from shops;
select max(shop_id) from shops;
--END SHOPS

commit;

select max(position_id) from positions;

--EMPLOYEES
select max(emp_id) from employees;
insert into EMPLOYEES (emp_id, emp_name, emp_phone_num, emp_email, location_id, emp_address, shop_id, department_id, emp_position, emp_salary) values (11, 'Troy Gutridge', '9472544860', 'troy_gutridge@gmail.com', 53, 1, 45, 15, 19, 3561);
insert into EMPLOYEES (emp_id, emp_name, emp_phone_num, emp_email, location_id, emp_address, shop_id, department_id, emp_position, emp_salary) values (12, 'Shirley Fowley', '6479657064', 'shirley_fowley@gmail.com', 16, 1, 83, 4, 16, 4241);
insert into EMPLOYEES (emp_id, emp_name, emp_phone_num, emp_email, location_id, emp_address, shop_id, department_id, emp_position, emp_salary) values (13, 'Davin Althorp', '3668540415', 'davin_althorp@gmail.com', 79, 2, 61, 4, 18, 2143);
insert into EMPLOYEES (emp_id, emp_name, emp_phone_num, emp_email, location_id, emp_address, shop_id, department_id, emp_position, emp_salary) values (14, 'Joey Ors', '9377642930', 'joey_ors@gmail.com', 64, 3, 73, 7, 14, 2698);
insert into EMPLOYEES (emp_id, emp_name, emp_phone_num, emp_email, location_id, emp_address, shop_id, department_id, emp_position, emp_salary) values (15, 'Shanna McVee', '6888671045', 'shanna_mcvee@gmail.com', 88, 4, 103, 4, 12, 2856);
insert into EMPLOYEES (emp_id, emp_name, emp_phone_num, emp_email, location_id, emp_address, shop_id, department_id, emp_position, emp_salary) values (16, 'Joannes Learmont', '8088155126', 'joannes_learmont@gmail.com', 21, 5, 70, 15, 16, 1883);
insert into EMPLOYEES (emp_id, emp_name, emp_phone_num, emp_email, location_id, emp_address, shop_id, department_id, emp_position, emp_salary) values (17, 'Sigvard Dykas', '8508100249', 'sigvard_dykas@gmail.com', 10, 6, 85, 15, 8, 3998);
insert into EMPLOYEES (emp_id, emp_name, emp_phone_num, emp_email, location_id, emp_address, shop_id, department_id, emp_position, emp_salary) values (18, 'Konstance Passey', '5994421574', 'konstance_passey@gmail.com', 103, 7, 73, 15, 1, 3043);
insert into EMPLOYEES (emp_id, emp_name, emp_phone_num, emp_email, location_id, emp_address, shop_id, department_id, emp_position, emp_salary) values (19, 'Magdalene Achromov', '5197495095', 'magdalene_achromov@gmail.com', 54, 8, 23, 8, 8, 4469);
insert into EMPLOYEES (emp_id, emp_name, emp_phone_num, emp_email, location_id, emp_address, shop_id, department_id, emp_position, emp_salary) values (20, 'Ade Schulken', '9293147200', 'ade_schulken@gmail.com', 89, 9, 54, 3, 14, 1876);
insert into EMPLOYEES (emp_id, emp_name, emp_phone_num, emp_email, location_id, emp_address, shop_id, department_id, emp_position, emp_salary) values (21, 'Rurik Gorrick', '1949492648', 'rurik_gorrick@gmail.com', 17, 10, 69, 13, 4, 3477);
insert into EMPLOYEES (emp_id, emp_name, emp_phone_num, emp_email, location_id, emp_address, shop_id, department_id, emp_position, emp_salary) values (22, 'Spense Perchard', '7748532562', 'spense_perchard@gmail.com', 113, 11, 57, 3, 5, 3159);
insert into EMPLOYEES (emp_id, emp_name, emp_phone_num, emp_email, location_id, emp_address, shop_id, department_id, emp_position, emp_salary) values (23, 'Freddie Turnell', '5472397474', 'freddie_turnell@gmail.com', 19, 12, 45, 7, 19, 3561);
insert into EMPLOYEES (emp_id, emp_name, emp_phone_num, emp_email, location_id, emp_address, shop_id, department_id, emp_position, emp_salary) values (24, 'Candide Branscomb', '5853227473', 'candide_branscomb@gmail.com', 95, 13, 97, 3, 18, 2066);
insert into EMPLOYEES (emp_id, emp_name, emp_phone_num, emp_email, location_id, emp_address, shop_id, department_id, emp_position, emp_salary) values (25, 'Ivonne Oliphard', '8662331784', 'ivonne_oliphard@gmail.com', 110, 14, 43, 15, 4, 1795);
insert into EMPLOYEES (emp_id, emp_name, emp_phone_num, emp_email, location_id, emp_address, shop_id, department_id, emp_position, emp_salary) values (26, 'Janeva Gretton', '1953456264', 'janeva_gretton@gmail.com', 102, 15, 20, 15, 7, 1592);
insert into EMPLOYEES (emp_id, emp_name, emp_phone_num, emp_email, location_id, emp_address, shop_id, department_id, emp_position, emp_salary) values (27, 'Tabby Wines', '4758478967', 'tabby_wines@gmail.com', 36, 16, 91, 12, 12, 3903);
insert into EMPLOYEES (emp_id, emp_name, emp_phone_num, emp_email, location_id, emp_address, shop_id, department_id, emp_position, emp_salary) values (28, 'Jaine Glassman', '8808968731', 'jaine_glassman@gmail.com', 124, 17, 65, 4, 10, 1869);
insert into EMPLOYEES (emp_id, emp_name, emp_phone_num, emp_email, location_id, emp_address, shop_id, department_id, emp_position, emp_salary) values (29, 'Kimberlyn Orme', '5759585668', 'kimberlyn_orme@gmail.com', 67, 18, 90, 10, 11, 3484);
insert into EMPLOYEES (emp_id, emp_name, emp_phone_num, emp_email, location_id, emp_address, shop_id, department_id, emp_position, emp_salary) values (30, 'Linette Spencook', '9307995977', 'linette_spencook@gmail.com', 125, 19, 76, 11, 11, 3726);
insert into EMPLOYEES (emp_id, emp_name, emp_phone_num, emp_email, location_id, emp_address, shop_id, department_id, emp_position, emp_salary) values (31, 'Rudy Bridgland', '7528807375', 'rudy_bridgland@gmail.com', 53, 20, 84, 15, 4, 3615);
insert into EMPLOYEES (emp_id, emp_name, emp_phone_num, emp_email, location_id, emp_address, shop_id, department_id, emp_position, emp_salary) values (32, 'Buck Kelsall', '9928855211', 'buck_kelsall@gmail.com', 28, 21, 69, 8, 12, 2042);
insert into EMPLOYEES (emp_id, emp_name, emp_phone_num, emp_email, location_id, emp_address, shop_id, department_id, emp_position, emp_salary) values (33, 'Michail Georgins', '4273801282', 'michail_georgins@gmail.com', 124, 22, 70, 7, 15, 2046);
insert into EMPLOYEES (emp_id, emp_name, emp_phone_num, emp_email, location_id, emp_address, shop_id, department_id, emp_position, emp_salary) values (34, 'Doyle Cairns', '3481646430', 'doyle_cairns@gmail.com', 121, 23, 13, 8, 14, 1637);
insert into EMPLOYEES (emp_id, emp_name, emp_phone_num, emp_email, location_id, emp_address, shop_id, department_id, emp_position, emp_salary) values (35, 'Catharine Proffer', '2873562794', 'catharine_proffer@gmail.com', 58, 24, 4, 5, 14, 2775);
insert into EMPLOYEES (emp_id, emp_name, emp_phone_num, emp_email, location_id, emp_address, shop_id, department_id, emp_position, emp_salary) values (36, 'Michaelina Gleed', '7924819066', 'michaelina_gleed@gmail.com', 60, 25, 90, 6, 6, 3781);
insert into EMPLOYEES (emp_id, emp_name, emp_phone_num, emp_email, location_id, emp_address, shop_id, department_id, emp_position, emp_salary) values (37, 'Heriberto Le Marchant', '7838068118', 'heriberto_le_marchant@gmail.com', 19, 26, 33, 4, 12, 4176);
insert into EMPLOYEES (emp_id, emp_name, emp_phone_num, emp_email, location_id, emp_address, shop_id, department_id, emp_position, emp_salary) values (38, 'Robby Barnet', '6706489713', 'robby_barnet@gmail.com', 100, 27, 103, 5, 1, 2716);
insert into EMPLOYEES (emp_id, emp_name, emp_phone_num, emp_email, location_id, emp_address, shop_id, department_id, emp_position, emp_salary) values (39, 'Denyse Pauler', '5786663966', 'denyse_pauler@gmail.com', 26, 28, 20, 13, 18, 1825);
insert into EMPLOYEES (emp_id, emp_name, emp_phone_num, emp_email, location_id, emp_address, shop_id, department_id, emp_position, emp_salary) values (40, 'Erskine Dencs', '5382529947', 'erskine_dencs@gmail.com', 28, 29, 18, 10, 13, 2025);
insert into EMPLOYEES (emp_id, emp_name, emp_phone_num, emp_email, location_id, emp_address, shop_id, department_id, emp_position, emp_salary) values (41, 'Cecilia Ebunoluwa', '6218661055', 'cecilia_ebunoluwa@gmail.com', 48, 30, 63, 12, 13, 3425);
insert into EMPLOYEES (emp_id, emp_name, emp_phone_num, emp_email, location_id, emp_address, shop_id, department_id, emp_position, emp_salary) values (42, 'Skelly Kenneford', '4275334343', 'skelly_kenneford@gmail.com', 69, 31, 107, 10, 4, 3827);
insert into EMPLOYEES (emp_id, emp_name, emp_phone_num, emp_email, location_id, emp_address, shop_id, department_id, emp_position, emp_salary) values (43, 'Kimberlee Schops', '8706875399', 'kimberlee_schops@gmail.com', 109, 32, 16, 12, 1, 1979);
insert into EMPLOYEES (emp_id, emp_name, emp_phone_num, emp_email, location_id, emp_address, shop_id, department_id, emp_position, emp_salary) values (44, 'Mendie Patrone', '1986097860', 'mendie_patrone@gmail.com', 120, 33, 8, 2, 10, 4140);
insert into EMPLOYEES (emp_id, emp_name, emp_phone_num, emp_email, location_id, emp_address, shop_id, department_id, emp_position, emp_salary) values (45, 'Lotty Oakden', '1549451414', 'lotty_oakden@gmail.com', 75, 34, 41, 1, 4, 1577);
insert into EMPLOYEES (emp_id, emp_name, emp_phone_num, emp_email, location_id, emp_address, shop_id, department_id, emp_position, emp_salary) values (46, 'Porter Gregoletti', '7626284440', 'porter_gregoletti@gmail.com', 72, 35, 75, 3, 11, 4316);
insert into EMPLOYEES (emp_id, emp_name, emp_phone_num, emp_email, location_id, emp_address, shop_id, department_id, emp_position, emp_salary) values (47, 'Alexandra Pettegre', '3158821103', 'alexandra_pettegre@gmail.com', 7, 36, 20, 12, 16, 2957);
insert into EMPLOYEES (emp_id, emp_name, emp_phone_num, emp_email, location_id, emp_address, shop_id, department_id, emp_position, emp_salary) values (48, 'Aindrea Corrado', '3083782495', 'aindrea_corrado@gmail.com', 52, 37, 99, 12, 14, 1776);
insert into EMPLOYEES (emp_id, emp_name, emp_phone_num, emp_email, location_id, emp_address, shop_id, department_id, emp_position, emp_salary) values (49, 'Aurore Clemas', '7647787975', 'aurore_clemas@gmail.com', 3, 38, 46, 14, 19, 1658);
insert into EMPLOYEES (emp_id, emp_name, emp_phone_num, emp_email, location_id, emp_address, shop_id, department_id, emp_position, emp_salary) values (50, 'Brannon Michal', '8723033733', 'brannon_michal@gmail.com', 110, 39, 102, 6, 14, 1655);
insert into EMPLOYEES (emp_id, emp_name, emp_phone_num, emp_email, location_id, emp_address, shop_id, department_id, emp_position, emp_salary) values (51, 'Saloma Davidavidovics', '2437489169', 'saloma_davidavidovics@gmail.com', 33, 40, 80, 14, 7, 3475);
insert into EMPLOYEES (emp_id, emp_name, emp_phone_num, emp_email, location_id, emp_address, shop_id, department_id, emp_position, emp_salary) values (52, 'Lonna Aksell', '4418275813', 'lonna_aksell@gmail.com', 62, 41, 31, 7, 18, 1739);
insert into EMPLOYEES (emp_id, emp_name, emp_phone_num, emp_email, location_id, emp_address, shop_id, department_id, emp_position, emp_salary) values (53, 'Audie Giacometti', '2036907815', 'audie_giacometti@gmail.com', 72, 42, 97, 13, 1, 2004);
insert into EMPLOYEES (emp_id, emp_name, emp_phone_num, emp_email, location_id, emp_address, shop_id, department_id, emp_position, emp_salary) values (54, 'Ronnie Kavanagh', '5204338326', 'ronnie_kavanagh@gmail.com', 71, 43, 5, 3, 5, 3417);
insert into EMPLOYEES (emp_id, emp_name, emp_phone_num, emp_email, location_id, emp_address, shop_id, department_id, emp_position, emp_salary) values (55, 'Ruben Osipov', '6101793373', 'ruben_osipov@gmail.com', 15, 44, 73, 7, 12, 1990);
insert into EMPLOYEES (emp_id, emp_name, emp_phone_num, emp_email, location_id, emp_address, shop_id, department_id, emp_position, emp_salary) values (56, 'Larry Bradnock', '3248604345', 'larry_bradnock@gmail.com', 42, 45, 16, 9, 11, 4351);
insert into EMPLOYEES (emp_id, emp_name, emp_phone_num, emp_email, location_id, emp_address, shop_id, department_id, emp_position, emp_salary) values (57, 'Malissia Mullen', '9855116241', 'malissia_mullen@gmail.com', 109, 46, 29, 9, 16, 1733);
insert into EMPLOYEES (emp_id, emp_name, emp_phone_num, emp_email, location_id, emp_address, shop_id, department_id, emp_position, emp_salary) values (58, 'Merry Enoch', '7459022267', 'merry_enoch@gmail.com', 20, 47, 60, 5, 10, 2586);
insert into EMPLOYEES (emp_id, emp_name, emp_phone_num, emp_email, location_id, emp_address, shop_id, department_id, emp_position, emp_salary) values (59, 'Adriaens Frunks', '3811552780', 'adriaens_frunks@gmail.com', 62, 48, 19, 3, 10, 3609);
insert into EMPLOYEES (emp_id, emp_name, emp_phone_num, emp_email, location_id, emp_address, shop_id, department_id, emp_position, emp_salary) values (60, 'Verna Hamprecht', '3877468347', 'verna_hamprecht@gmail.com', 17, 49, 12, 2, 3, 1663);
insert into EMPLOYEES (emp_id, emp_name, emp_phone_num, emp_email, location_id, emp_address, shop_id, department_id, emp_position, emp_salary) values (61, 'Tana Kean', '9494300317', 'tana_kean@gmail.com', 49, 50, 3, 4, 6, 4439);
insert into EMPLOYEES (emp_id, emp_name, emp_phone_num, emp_email, location_id, emp_address, shop_id, department_id, emp_position, emp_salary) values (62, 'Lorry Wheble', '2822725967', 'lorry_wheble@gmail.com', 10, 51, 100, 9, 9, 2117);
insert into EMPLOYEES (emp_id, emp_name, emp_phone_num, emp_email, location_id, emp_address, shop_id, department_id, emp_position, emp_salary) values (63, 'Katherine Langmuir', '5022386169', 'katherine_langmuir@gmail.com', 102, 52, 28, 8, 14, 2185);
insert into EMPLOYEES (emp_id, emp_name, emp_phone_num, emp_email, location_id, emp_address, shop_id, department_id, emp_position, emp_salary) values (64, 'Rubina St. Aubyn', '4485120330', 'rubina_st._aubyn@gmail.com', 78, 53, 38, 14, 3, 3773);
insert into EMPLOYEES (emp_id, emp_name, emp_phone_num, emp_email, location_id, emp_address, shop_id, department_id, emp_position, emp_salary) values (65, 'Sawyere Toward', '8075163256', 'sawyere_toward@gmail.com', 48, 54, 103, 13, 9, 3163);
insert into EMPLOYEES (emp_id, emp_name, emp_phone_num, emp_email, location_id, emp_address, shop_id, department_id, emp_position, emp_salary) values (66, 'Raphael Waghorne', '9628981015', 'raphael_waghorne@gmail.com', 43, 55, 23, 4, 8, 4457);
insert into EMPLOYEES (emp_id, emp_name, emp_phone_num, emp_email, location_id, emp_address, shop_id, department_id, emp_position, emp_salary) values (67, 'Thoma Garman', '7407832867', 'thoma_garman@gmail.com', 31, 56, 89, 4, 10, 4049);
insert into EMPLOYEES (emp_id, emp_name, emp_phone_num, emp_email, location_id, emp_address, shop_id, department_id, emp_position, emp_salary) values (68, 'Mateo Towsey', '1243317425', 'mateo_towsey@gmail.com', 116, 57, 1, 4, 10, 2555);
insert into EMPLOYEES (emp_id, emp_name, emp_phone_num, emp_email, location_id, emp_address, shop_id, department_id, emp_position, emp_salary) values (69, 'Zane Yurenin', '5052887623', 'zane_yurenin@gmail.com', 35, 58, 54, 12, 1, 4148);
insert into EMPLOYEES (emp_id, emp_name, emp_phone_num, emp_email, location_id, emp_address, shop_id, department_id, emp_position, emp_salary) values (70, 'Stacy Lofting', '4472811665', 'stacy_lofting@gmail.com', 100, 59, 89, 7, 19, 3214);
insert into EMPLOYEES (emp_id, emp_name, emp_phone_num, emp_email, location_id, emp_address, shop_id, department_id, emp_position, emp_salary) values (71, 'Cacilia Bickle', '7302693332', 'cacilia_bickle@gmail.com', 95, 60, 45, 14, 15, 1541);
insert into EMPLOYEES (emp_id, emp_name, emp_phone_num, emp_email, location_id, emp_address, shop_id, department_id, emp_position, emp_salary) values (72, 'Melitta Fulks', '4893048905', 'melitta_fulks@gmail.com', 15, 61, 17, 8, 18, 4202);
insert into EMPLOYEES (emp_id, emp_name, emp_phone_num, emp_email, location_id, emp_address, shop_id, department_id, emp_position, emp_salary) values (73, 'Enrika Sherrum', '5073621432', 'enrika_sherrum@gmail.com', 55, 62, 85, 9, 8, 2974);
insert into EMPLOYEES (emp_id, emp_name, emp_phone_num, emp_email, location_id, emp_address, shop_id, department_id, emp_position, emp_salary) values (74, 'Dee dee Elrick', '6668918247', 'dee_dee_elrick@gmail.com', 44, 63, 55, 4, 14, 1869);
insert into EMPLOYEES (emp_id, emp_name, emp_phone_num, emp_email, location_id, emp_address, shop_id, department_id, emp_position, emp_salary) values (75, 'Merl De Blasi', '7298473101', 'merl_de_blasi@gmail.com', 75, 64, 62, 7, 12, 2720);
insert into EMPLOYEES (emp_id, emp_name, emp_phone_num, emp_email, location_id, emp_address, shop_id, department_id, emp_position, emp_salary) values (76, 'Osbert McColm', '8359004171', 'osbert_mccolm@gmail.com', 45, 65, 103, 7, 2, 2479);
insert into EMPLOYEES (emp_id, emp_name, emp_phone_num, emp_email, location_id, emp_address, shop_id, department_id, emp_position, emp_salary) values (77, 'Toddy Long', '9243124357', 'toddy_long@gmail.com', 42, 66, 3, 14, 4, 2632);
insert into EMPLOYEES (emp_id, emp_name, emp_phone_num, emp_email, location_id, emp_address, shop_id, department_id, emp_position, emp_salary) values (78, 'Quinton Gimbrett', '4685984932', 'quinton_gimbrett@gmail.com', 68, 67, 60, 2, 3, 3380);
insert into EMPLOYEES (emp_id, emp_name, emp_phone_num, emp_email, location_id, emp_address, shop_id, department_id, emp_position, emp_salary) values (79, 'Fredia Pinwill', '6541899078', 'fredia_pinwill@gmail.com', 8, 68, 17, 7, 17, 2793);
insert into EMPLOYEES (emp_id, emp_name, emp_phone_num, emp_email, location_id, emp_address, shop_id, department_id, emp_position, emp_salary) values (80, 'Adria Oleshunin', '3144259424', 'adria_oleshunin@gmail.com', 60, 69, 1, 15, 14, 2199);
insert into EMPLOYEES (emp_id, emp_name, emp_phone_num, emp_email, location_id, emp_address, shop_id, department_id, emp_position, emp_salary) values (81, 'Caressa Durrington', '8639583625', 'caressa_durrington@gmail.com', 15, 70, 73, 12, 17, 3656);
insert into EMPLOYEES (emp_id, emp_name, emp_phone_num, emp_email, location_id, emp_address, shop_id, department_id, emp_position, emp_salary) values (82, 'Margaretha Kinleyside', '4786822766', 'margaretha_kinleyside@gmail.com', 119, 71, 27, 7, 13, 3560);
insert into EMPLOYEES (emp_id, emp_name, emp_phone_num, emp_email, location_id, emp_address, shop_id, department_id, emp_position, emp_salary) values (83, 'Bruno Dubery', '1219810156', 'bruno_dubery@gmail.com', 17, 72, 29, 7, 16, 2916);
insert into EMPLOYEES (emp_id, emp_name, emp_phone_num, emp_email, location_id, emp_address, shop_id, department_id, emp_position, emp_salary) values (84, 'Tasia O''Garmen', '5749721966', 'tasia_o''garmen@gmail.com', 68, 73, 26, 11, 9, 4072);
insert into EMPLOYEES (emp_id, emp_name, emp_phone_num, emp_email, location_id, emp_address, shop_id, department_id, emp_position, emp_salary) values (85, 'Vicky Cosh', '6454366457', 'vicky_cosh@gmail.com', 46, 74, 108, 4, 10, 1950);
insert into EMPLOYEES (emp_id, emp_name, emp_phone_num, emp_email, location_id, emp_address, shop_id, department_id, emp_position, emp_salary) values (86, 'Rory Gillatt', '4436368143', 'rory_gillatt@gmail.com', 63, 75, 58, 10, 15, 3050);
insert into EMPLOYEES (emp_id, emp_name, emp_phone_num, emp_email, location_id, emp_address, shop_id, department_id, emp_position, emp_salary) values (87, 'Ferne Brampton', '2859688869', 'ferne_brampton@gmail.com', 61, 76, 104, 4, 4, 3541);
insert into EMPLOYEES (emp_id, emp_name, emp_phone_num, emp_email, location_id, emp_address, shop_id, department_id, emp_position, emp_salary) values (88, 'Jamal Anneslie', '6012115275', 'jamal_anneslie@gmail.com', 124, 77, 74, 11, 9, 3914);
insert into EMPLOYEES (emp_id, emp_name, emp_phone_num, emp_email, location_id, emp_address, shop_id, department_id, emp_position, emp_salary) values (89, 'Vite Surcomb', '5171580076', 'vite_surcomb@gmail.com', 75, 78, 59, 13, 8, 2145);
insert into EMPLOYEES (emp_id, emp_name, emp_phone_num, emp_email, location_id, emp_address, shop_id, department_id, emp_position, emp_salary) values (90, 'Mirabel Netti', '6666714309', 'mirabel_netti@gmail.com', 80, 79, 16, 11, 4, 4330);
insert into EMPLOYEES (emp_id, emp_name, emp_phone_num, emp_email, location_id, emp_address, shop_id, department_id, emp_position, emp_salary) values (91, 'Averyl Gilpillan', '3776369334', 'averyl_gilpillan@gmail.com', 110, 80, 74, 15, 3, 3728);
insert into EMPLOYEES (emp_id, emp_name, emp_phone_num, emp_email, location_id, emp_address, shop_id, department_id, emp_position, emp_salary) values (92, 'Alexa Tonkin', '8791617905', 'alexa_tonkin@gmail.com', 119, 81, 105, 4, 19, 4454);
insert into EMPLOYEES (emp_id, emp_name, emp_phone_num, emp_email, location_id, emp_address, shop_id, department_id, emp_position, emp_salary) values (93, 'Crista Lydall', '7142320811', 'crista_lydall@gmail.com', 76, 82, 18, 9, 2, 3735);
insert into EMPLOYEES (emp_id, emp_name, emp_phone_num, emp_email, location_id, emp_address, shop_id, department_id, emp_position, emp_salary) values (94, 'Lief McFfaden', '2982203122', 'lief_mcffaden@gmail.com', 88, 83, 56, 15, 16, 2688);
insert into EMPLOYEES (emp_id, emp_name, emp_phone_num, emp_email, location_id, emp_address, shop_id, department_id, emp_position, emp_salary) values (95, 'Andi Gedney', '1791520746', 'andi_gedney@gmail.com', 54, 84, 63, 14, 9, 2220);
insert into EMPLOYEES (emp_id, emp_name, emp_phone_num, emp_email, location_id, emp_address, shop_id, department_id, emp_position, emp_salary) values (96, 'Kean Kirwan', '7207303622', 'kean_kirwan@gmail.com', 32, 85, 105, 7, 7, 1673);
insert into EMPLOYEES (emp_id, emp_name, emp_phone_num, emp_email, location_id, emp_address, shop_id, department_id, emp_position, emp_salary) values (97, 'Frannie Luscombe', '7926051133', 'frannie_luscombe@gmail.com', 80, 86, 12, 6, 16, 4198);
insert into EMPLOYEES (emp_id, emp_name, emp_phone_num, emp_email, location_id, emp_address, shop_id, department_id, emp_position, emp_salary) values (98, 'Bernadette Glusby', '3968444323', 'bernadette_glusby@gmail.com', 111, 87, 10, 3, 4, 3644);
insert into EMPLOYEES (emp_id, emp_name, emp_phone_num, emp_email, location_id, emp_address, shop_id, department_id, emp_position, emp_salary) values (99, 'Margalo Alebrooke', '7145389596', 'margalo_alebrooke@gmail.com', 22, 88, 75, 10, 7, 3967);
insert into EMPLOYEES (emp_id, emp_name, emp_phone_num, emp_email, location_id, emp_address, shop_id, department_id, emp_position, emp_salary) values (100, 'Thurstan Bexon', '7917843011', 'thurstan_bexon@gmail.com', 86, 89, 103, 2, 8, 3185);
insert into EMPLOYEES (emp_id, emp_name, emp_phone_num, emp_email, location_id, emp_address, shop_id, department_id, emp_position, emp_salary) values (101, 'Che Whyman', '5946793330', 'che_whyman@gmail.com', 31, 90, 34, 11, 3, 2180);
insert into EMPLOYEES (emp_id, emp_name, emp_phone_num, emp_email, location_id, emp_address, shop_id, department_id, emp_position, emp_salary) values (102, 'Gael Alastair', '2852039243', 'gael_alastair@gmail.com', 102, 91, 54, 6, 5, 3198);
insert into EMPLOYEES (emp_id, emp_name, emp_phone_num, emp_email, location_id, emp_address, shop_id, department_id, emp_position, emp_salary) values (103, 'Jessee Spennock', '6249936550', 'jessee_spennock@gmail.com', 96, 92, 98, 13, 12, 2843);
insert into EMPLOYEES (emp_id, emp_name, emp_phone_num, emp_email, location_id, emp_address, shop_id, department_id, emp_position, emp_salary) values (104, 'Esmaria Pittway', '1555707778', 'esmaria_pittway@gmail.com', 68, 93, 16, 1, 6, 4155);
insert into EMPLOYEES (emp_id, emp_name, emp_phone_num, emp_email, location_id, emp_address, shop_id, department_id, emp_position, emp_salary) values (105, 'Agneta Branscombe', '9791998463', 'agneta_branscombe@gmail.com', 55, 94, 43, 2, 1, 3453);
insert into EMPLOYEES (emp_id, emp_name, emp_phone_num, emp_email, location_id, emp_address, shop_id, department_id, emp_position, emp_salary) values (106, 'Sofie Headford', '5966556256', 'sofie_headford@gmail.com', 2, 95, 32, 10, 8, 4279);
insert into EMPLOYEES (emp_id, emp_name, emp_phone_num, emp_email, location_id, emp_address, shop_id, department_id, emp_position, emp_salary) values (107, 'Nelly Secretan', '7405806886', 'nelly_secretan@gmail.com', 80, 96, 31, 8, 4, 3999);
insert into EMPLOYEES (emp_id, emp_name, emp_phone_num, emp_email, location_id, emp_address, shop_id, department_id, emp_position, emp_salary) values (108, 'Drucy McMillian', '2131156530', 'drucy_mcmillian@gmail.com', 51, 97, 78, 10, 15, 2942);
insert into EMPLOYEES (emp_id, emp_name, emp_phone_num, emp_email, location_id, emp_address, shop_id, department_id, emp_position, emp_salary) values (109, 'Ilise Jolly', '1278789102', 'ilise_jolly@gmail.com', 53, 98, 59, 2, 10, 4141);
insert into EMPLOYEES (emp_id, emp_name, emp_phone_num, emp_email, location_id, emp_address, shop_id, department_id, emp_position, emp_salary) values (110, 'Heinrik Keelin', '7594314526', 'heinrik_keelin@gmail.com', 10, 99, 49, 3, 1, 1906);
insert into EMPLOYEES (emp_id, emp_name, emp_phone_num, emp_email, location_id, emp_address, shop_id, department_id, emp_position, emp_salary) values (111, 'Stanislas Coalbran', '5645750232', 'stanislas_coalbran@gmail.com', 66, 100, 62, 12, 10, 4033);
select count(*) from employees;
--END EMPLOYEES

--CATEGORIES
insert into CATEGORIES (category_id, category_name) values (11, 'Clothing');
insert into CATEGORIES (category_id, category_name) values (12, 'Shoes');
insert into CATEGORIES (category_id, category_name) values (13, 'Electronics');
insert into CATEGORIES (category_id, category_name) values (14, 'Kids');
insert into CATEGORIES (category_id, category_name) values (15, 'Music');
insert into CATEGORIES (category_id, category_name) values (16, 'Jewelry');
insert into CATEGORIES (category_id, category_name) values (17, 'Tools');
insert into CATEGORIES (category_id, category_name) values (18, 'Kids');
insert into CATEGORIES (category_id, category_name) values (19, 'Kids');
insert into CATEGORIES (category_id, category_name) values (20, 'Books');
insert into CATEGORIES (category_id, category_name) values (21, 'Grocery');
insert into CATEGORIES (category_id, category_name) values (22, 'Kids');
insert into CATEGORIES (category_id, category_name) values (23, 'Health');
insert into CATEGORIES (category_id, category_name) values (24, 'Clothing');
insert into CATEGORIES (category_id, category_name) values (25, 'Automotive');
insert into CATEGORIES (category_id, category_name) values (26, 'Outdoors');
insert into CATEGORIES (category_id, category_name) values (27, 'Music');
insert into CATEGORIES (category_id, category_name) values (28, 'Industrial');
insert into CATEGORIES (category_id, category_name) values (29, 'Industrial');
insert into CATEGORIES (category_id, category_name) values (30, 'Kids');
insert into CATEGORIES (category_id, category_name) values (31, 'Games');
insert into CATEGORIES (category_id, category_name) values (32, 'Toys');
insert into CATEGORIES (category_id, category_name) values (33, 'Shoes');
insert into CATEGORIES (category_id, category_name) values (34, 'Jewelry');
insert into CATEGORIES (category_id, category_name) values (35, 'Electronics');
insert into CATEGORIES (category_id, category_name) values (36, 'Automotive');
insert into CATEGORIES (category_id, category_name) values (37, 'Music');
insert into CATEGORIES (category_id, category_name) values (38, 'Toys');
insert into CATEGORIES (category_id, category_name) values (39, 'Health');
insert into CATEGORIES (category_id, category_name) values (40, 'Grocery');
insert into CATEGORIES (category_id, category_name) values (41, 'Kids');
insert into CATEGORIES (category_id, category_name) values (42, 'Outdoors');
insert into CATEGORIES (category_id, category_name) values (43, 'Movies');
insert into CATEGORIES (category_id, category_name) values (44, 'Clothing');
insert into CATEGORIES (category_id, category_name) values (45, 'Garden');
insert into CATEGORIES (category_id, category_name) values (46, 'Automotive');
insert into CATEGORIES (category_id, category_name) values (47, 'Health');
insert into CATEGORIES (category_id, category_name) values (48, 'Health');
insert into CATEGORIES (category_id, category_name) values (49, 'Games');
insert into CATEGORIES (category_id, category_name) values (50, 'Garden');
insert into CATEGORIES (category_id, category_name) values (51, 'Books');
insert into CATEGORIES (category_id, category_name) values (52, 'Automotive');
insert into CATEGORIES (category_id, category_name) values (53, 'Baby');
insert into CATEGORIES (category_id, category_name) values (54, 'Sports');
insert into CATEGORIES (category_id, category_name) values (55, 'Outdoors');
insert into CATEGORIES (category_id, category_name) values (56, 'Movies');
insert into CATEGORIES (category_id, category_name) values (57, 'Electronics');
insert into CATEGORIES (category_id, category_name) values (58, 'Outdoors');
insert into CATEGORIES (category_id, category_name) values (59, 'Movies');
insert into CATEGORIES (category_id, category_name) values (60, 'Games');
select max(category_id) from categories;
commit;
--END CATEGORIES

select * from discount;

--bills
insert into BILLS (bill_id, bill_datetime, location_id, payment_type_id, customer_id, employee_id, shop_id, total) values (5, '07.04.22 12:53', 112, 2, 2, 68, 83, 25);
insert into BILLS (bill_id, bill_datetime, location_id, payment_type_id, customer_id, employee_id, shop_id, total) values (6, '24.12.22 20:56', 122, 2, 6, 84, 14, 103);
insert into BILLS (bill_id, bill_datetime, location_id, payment_type_id, customer_id, employee_id, shop_id, total) values (7, '05.11.22 06:27', 78, 2, 9, 72, 17, 40);
insert into BILLS (bill_id, bill_datetime, location_id, payment_type_id, customer_id, employee_id, shop_id, total) values (8, '05.12.22 23:22', 81, 2, 9, 95, 29, 16);
insert into BILLS (bill_id, bill_datetime, location_id, payment_type_id, customer_id, employee_id, shop_id, total) values (9, '05.12.22 14:21', 111, 2, 6, 105, 87, 7);
insert into BILLS (bill_id, bill_datetime, location_id, payment_type_id, customer_id, employee_id, shop_id, total) values (10, '28.10.22 01:29', 6, 2, 10, 80, 86, 125);
insert into BILLS (bill_id, bill_datetime, location_id, payment_type_id, customer_id, employee_id, shop_id, total) values (11, '18.08.22 19:53', 17, 1, 5, 41, 105, 81);
insert into BILLS (bill_id, bill_datetime, location_id, payment_type_id, customer_id, employee_id, shop_id, total) values (12, '03.10.22 22:39', 16, 1, 10, 56, 5, 59);
insert into BILLS (bill_id, bill_datetime, location_id, payment_type_id, customer_id, employee_id, shop_id, total) values (13, '30.10.22 05:18', 25, 2, 10, 111, 33, 34);
insert into BILLS (bill_id, bill_datetime, location_id, payment_type_id, customer_id, employee_id, shop_id, total) values (14, '04.11.22 12:29', 78, 2, 7, 55, 55, 59);
insert into BILLS (bill_id, bill_datetime, location_id, payment_type_id, customer_id, employee_id, shop_id, total) values (15, '20.03.22 00:05', 46, 2, 4, 35, 58, 129);
insert into BILLS (bill_id, bill_datetime, location_id, payment_type_id, customer_id, employee_id, shop_id, total) values (16, '11.03.22 23:47', 97, 1, 2, 88, 88, 180);
insert into BILLS (bill_id, bill_datetime, location_id, payment_type_id, customer_id, employee_id, shop_id, total) values (17, '15.11.22 01:00', 45, 1, 10, 10, 80, 117);
insert into BILLS (bill_id, bill_datetime, location_id, payment_type_id, customer_id, employee_id, shop_id, total) values (18, '09.11.22 20:19', 47, 2, 10, 18, 12, 111);
insert into BILLS (bill_id, bill_datetime, location_id, payment_type_id, customer_id, employee_id, shop_id, total) values (19, '27.03.22 02:37', 13, 1, 4, 8, 99, 12);
insert into BILLS (bill_id, bill_datetime, location_id, payment_type_id, customer_id, employee_id, shop_id, total) values (20, '25.08.22 01:55', 10, 2, 9, 5, 107, 121);
insert into BILLS (bill_id, bill_datetime, location_id, payment_type_id, customer_id, employee_id, shop_id, total) values (21, '17.04.22 20:22', 92, 2, 4, 71, 21, 195);
insert into BILLS (bill_id, bill_datetime, location_id, payment_type_id, customer_id, employee_id, shop_id, total) values (22, '13.03.22 22:05', 98, 2, 6, 64, 40, 11);
insert into BILLS (bill_id, bill_datetime, location_id, payment_type_id, customer_id, employee_id, shop_id, total) values (23, '02.03.22 15:40', 69, 1, 2, 60, 86, 96);
insert into BILLS (bill_id, bill_datetime, location_id, payment_type_id, customer_id, employee_id, shop_id, total) values (24, '28.10.22 07:50', 97, 1, 6, 91, 43, 54);
insert into BILLS (bill_id, bill_datetime, location_id, payment_type_id, customer_id, employee_id, shop_id, total) values (25, '22.04.22 13:26', 95, 2, 1, 103, 52, 75);
insert into BILLS (bill_id, bill_datetime, location_id, payment_type_id, customer_id, employee_id, shop_id, total) values (26, '29.09.22 18:35', 31, 2, 8, 63, 2, 127);
insert into BILLS (bill_id, bill_datetime, location_id, payment_type_id, customer_id, employee_id, shop_id, total) values (27, '30.09.22 15:57', 74, 2, 7, 30, 80, 113);
insert into BILLS (bill_id, bill_datetime, location_id, payment_type_id, customer_id, employee_id, shop_id, total) values (28, '07.04.22 11:06', 22, 1, 10, 42, 86, 82);
insert into BILLS (bill_id, bill_datetime, location_id, payment_type_id, customer_id, employee_id, shop_id, total) values (29, '23.01.22 14:27', 37, 1, 4, 62, 71, 162);
insert into BILLS (bill_id, bill_datetime, location_id, payment_type_id, customer_id, employee_id, shop_id, total) values (30, '24.06.22 04:22', 62, 2, 2, 1, 5, 41);
insert into BILLS (bill_id, bill_datetime, location_id, payment_type_id, customer_id, employee_id, shop_id, total) values (31, '23.05.22 00:48', 46, 2, 5, 29, 66, 24);
insert into BILLS (bill_id, bill_datetime, location_id, payment_type_id, customer_id, employee_id, shop_id, total) values (32, '11.10.22 02:55', 48, 2, 5, 38, 96, 103);
insert into BILLS (bill_id, bill_datetime, location_id, payment_type_id, customer_id, employee_id, shop_id, total) values (33, '19.11.22 07:30', 2, 2, 9, 73, 52, 99);
insert into BILLS (bill_id, bill_datetime, location_id, payment_type_id, customer_id, employee_id, shop_id, total) values (34, '21.03.22 15:17', 67, 1, 3, 53, 44, 68);
insert into BILLS (bill_id, bill_datetime, location_id, payment_type_id, customer_id, employee_id, shop_id, total) values (35, '17.11.22 19:13', 120, 1, 6, 55, 68, 182);
insert into BILLS (bill_id, bill_datetime, location_id, payment_type_id, customer_id, employee_id, shop_id, total) values (36, '05.04.22 14:14', 49, 1, 1, 71, 10, 25);
insert into BILLS (bill_id, bill_datetime, location_id, payment_type_id, customer_id, employee_id, shop_id, total) values (37, '06.05.22 22:36', 115, 1, 1, 13, 84, 17);
insert into BILLS (bill_id, bill_datetime, location_id, payment_type_id, customer_id, employee_id, shop_id, total) values (38, '18.02.22 20:05', 103, 2, 7, 37, 74, 177);
insert into BILLS (bill_id, bill_datetime, location_id, payment_type_id, customer_id, employee_id, shop_id, total) values (39, '17.05.22 21:01', 119, 1, 3, 66, 55, 133);
insert into BILLS (bill_id, bill_datetime, location_id, payment_type_id, customer_id, employee_id, shop_id, total) values (40, '30.01.22 03:07', 94, 1, 9, 81, 8, 54);
insert into BILLS (bill_id, bill_datetime, location_id, payment_type_id, customer_id, employee_id, shop_id, total) values (41, '09.10.22 21:00', 105, 2, 1, 15, 69, 127);
insert into BILLS (bill_id, bill_datetime, location_id, payment_type_id, customer_id, employee_id, shop_id, total) values (42, '28.09.22 12:00', 54, 1, 5, 2, 52, 143);
insert into BILLS (bill_id, bill_datetime, location_id, payment_type_id, customer_id, employee_id, shop_id, total) values (43, '27.12.22 20:50', 18, 2, 9, 43, 46, 52);
insert into BILLS (bill_id, bill_datetime, location_id, payment_type_id, customer_id, employee_id, shop_id, total) values (44, '20.01.22 16:20', 120, 2, 3, 53, 32, 118);
insert into BILLS (bill_id, bill_datetime, location_id, payment_type_id, customer_id, employee_id, shop_id, total) values (45, '17.07.22 14:03', 23, 1, 2, 53, 89, 110);
insert into BILLS (bill_id, bill_datetime, location_id, payment_type_id, customer_id, employee_id, shop_id, total) values (46, '19.06.22 02:09', 100, 1, 7, 21, 88, 178);
insert into BILLS (bill_id, bill_datetime, location_id, payment_type_id, customer_id, employee_id, shop_id, total) values (47, '09.09.22 04:44', 55, 2, 4, 84, 58, 145);
insert into BILLS (bill_id, bill_datetime, location_id, payment_type_id, customer_id, employee_id, shop_id, total) values (48, '11.03.22 11:07', 65, 1, 2, 70, 36, 64);
insert into BILLS (bill_id, bill_datetime, location_id, payment_type_id, customer_id, employee_id, shop_id, total) values (49, '10.07.22 08:26', 82, 1, 5, 89, 82, 41);
insert into BILLS (bill_id, bill_datetime, location_id, payment_type_id, customer_id, employee_id, shop_id, total) values (50, '03.03.22 13:37', 48, 1, 8, 44, 34, 7);
insert into BILLS (bill_id, bill_datetime, location_id, payment_type_id, customer_id, employee_id, shop_id, total) values (51, '04.09.22 19:03', 50, 2, 9, 102, 110, 128);
insert into BILLS (bill_id, bill_datetime, location_id, payment_type_id, customer_id, employee_id, shop_id, total) values (52, '31.05.22 17:09', 52, 1, 3, 97, 25, 38);
insert into BILLS (bill_id, bill_datetime, location_id, payment_type_id, customer_id, employee_id, shop_id, total) values (53, '01.08.22 13:03', 52, 1, 10, 67, 30, 39);
insert into BILLS (bill_id, bill_datetime, location_id, payment_type_id, customer_id, employee_id, shop_id, total) values (54, '11.04.22 07:17', 72, 2, 3, 40, 82, 150);
insert into BILLS (bill_id, bill_datetime, location_id, payment_type_id, customer_id, employee_id, shop_id, total) values (55, '29.01.22 15:35', 109, 2, 6, 21, 85, 12);
insert into BILLS (bill_id, bill_datetime, location_id, payment_type_id, customer_id, employee_id, shop_id, total) values (56, '07.12.22 02:19', 42, 1, 4, 6, 104, 42);
insert into BILLS (bill_id, bill_datetime, location_id, payment_type_id, customer_id, employee_id, shop_id, total) values (57, '08.06.22 08:12', 42, 2, 3, 42, 104, 73);
insert into BILLS (bill_id, bill_datetime, location_id, payment_type_id, customer_id, employee_id, shop_id, total) values (58, '10.06.22 19:34', 22, 2, 10, 27, 58, 156);
insert into BILLS (bill_id, bill_datetime, location_id, payment_type_id, customer_id, employee_id, shop_id, total) values (59, '28.05.22 03:34', 79, 2, 3, 68, 8, 45);
insert into BILLS (bill_id, bill_datetime, location_id, payment_type_id, customer_id, employee_id, shop_id, total) values (60, '09.09.22 15:44', 105, 1, 10, 5, 102, 128);
insert into BILLS (bill_id, bill_datetime, location_id, payment_type_id, customer_id, employee_id, shop_id, total) values (61, '02.02.22 01:18', 92, 2, 6, 21, 104, 119);
insert into BILLS (bill_id, bill_datetime, location_id, payment_type_id, customer_id, employee_id, shop_id, total) values (62, '20.05.22 14:52', 50, 2, 8, 28, 14, 183);
insert into BILLS (bill_id, bill_datetime, location_id, payment_type_id, customer_id, employee_id, shop_id, total) values (63, '04.08.22 14:10', 124, 1, 4, 87, 103, 91);
insert into BILLS (bill_id, bill_datetime, location_id, payment_type_id, customer_id, employee_id, shop_id, total) values (64, '06.10.22 17:57', 39, 1, 6, 13, 25, 51);
insert into BILLS (bill_id, bill_datetime, location_id, payment_type_id, customer_id, employee_id, shop_id, total) values (65, '06.10.22 04:26', 32, 2, 9, 10, 16, 108);
insert into BILLS (bill_id, bill_datetime, location_id, payment_type_id, customer_id, employee_id, shop_id, total) values (66, '27.07.22 00:58', 94, 2, 8, 22, 43, 71);
insert into BILLS (bill_id, bill_datetime, location_id, payment_type_id, customer_id, employee_id, shop_id, total) values (67, '07.12.22 21:34', 112, 2, 7, 47, 38, 123);
insert into BILLS (bill_id, bill_datetime, location_id, payment_type_id, customer_id, employee_id, shop_id, total) values (68, '22.02.22 01:04', 47, 1, 8, 64, 96, 160);
insert into BILLS (bill_id, bill_datetime, location_id, payment_type_id, customer_id, employee_id, shop_id, total) values (69, '22.03.22 12:23', 117, 2, 9, 31, 24, 68);
insert into BILLS (bill_id, bill_datetime, location_id, payment_type_id, customer_id, employee_id, shop_id, total) values (70, '24.11.22 04:16', 83, 2, 7, 78, 105, 187);
insert into BILLS (bill_id, bill_datetime, location_id, payment_type_id, customer_id, employee_id, shop_id, total) values (71, '28.10.22 20:05', 22, 2, 8, 6, 49, 151);
insert into BILLS (bill_id, bill_datetime, location_id, payment_type_id, customer_id, employee_id, shop_id, total) values (72, '05.10.22 12:46', 9, 2, 9, 33, 102, 24);
insert into BILLS (bill_id, bill_datetime, location_id, payment_type_id, customer_id, employee_id, shop_id, total) values (73, '06.01.22 06:10', 117, 2, 4, 17, 22, 167);
insert into BILLS (bill_id, bill_datetime, location_id, payment_type_id, customer_id, employee_id, shop_id, total) values (74, '04.03.22 15:02', 38, 2, 2, 37, 48, 109);
insert into BILLS (bill_id, bill_datetime, location_id, payment_type_id, customer_id, employee_id, shop_id, total) values (75, '14.03.22 03:56', 114, 1, 3, 105, 99, 94);
insert into BILLS (bill_id, bill_datetime, location_id, payment_type_id, customer_id, employee_id, shop_id, total) values (76, '03.05.22 08:40', 97, 1, 9, 7, 89, 36);
insert into BILLS (bill_id, bill_datetime, location_id, payment_type_id, customer_id, employee_id, shop_id, total) values (77, '24.12.22 02:20', 26, 1, 1, 4, 39, 196);
insert into BILLS (bill_id, bill_datetime, location_id, payment_type_id, customer_id, employee_id, shop_id, total) values (78, '18.06.22 16:15', 8, 1, 4, 80, 72, 85);
insert into BILLS (bill_id, bill_datetime, location_id, payment_type_id, customer_id, employee_id, shop_id, total) values (79, '27.04.22 00:09', 102, 2, 8, 39, 79, 92);
insert into BILLS (bill_id, bill_datetime, location_id, payment_type_id, customer_id, employee_id, shop_id, total) values (80, '27.05.22 15:38', 74, 2, 4, 7, 50, 111);
insert into BILLS (bill_id, bill_datetime, location_id, payment_type_id, customer_id, employee_id, shop_id, total) values (81, '12.11.22 04:53', 28, 2, 4, 95, 75, 178);
insert into BILLS (bill_id, bill_datetime, location_id, payment_type_id, customer_id, employee_id, shop_id, total) values (82, '08.05.22 20:51', 27, 1, 10, 42, 26, 61);
insert into BILLS (bill_id, bill_datetime, location_id, payment_type_id, customer_id, employee_id, shop_id, total) values (83, '21.02.22 01:22', 40, 2, 8, 111, 95, 119);
insert into BILLS (bill_id, bill_datetime, location_id, payment_type_id, customer_id, employee_id, shop_id, total) values (84, '14.10.22 17:27', 108, 2, 6, 2, 67, 41);
insert into BILLS (bill_id, bill_datetime, location_id, payment_type_id, customer_id, employee_id, shop_id, total) values (85, '30.08.22 22:56', 123, 2, 2, 96, 98, 3);
insert into BILLS (bill_id, bill_datetime, location_id, payment_type_id, customer_id, employee_id, shop_id, total) values (86, '03.01.22 02:54', 29, 1, 8, 15, 87, 16);
insert into BILLS (bill_id, bill_datetime, location_id, payment_type_id, customer_id, employee_id, shop_id, total) values (87, '24.05.22 10:29', 19, 2, 10, 56, 33, 76);
insert into BILLS (bill_id, bill_datetime, location_id, payment_type_id, customer_id, employee_id, shop_id, total) values (88, '10.04.22 17:47', 44, 1, 10, 75, 97, 46);
insert into BILLS (bill_id, bill_datetime, location_id, payment_type_id, customer_id, employee_id, shop_id, total) values (89, '18.08.22 03:21', 99, 2, 4, 48, 98, 124);
insert into BILLS (bill_id, bill_datetime, location_id, payment_type_id, customer_id, employee_id, shop_id, total) values (90, '09.07.22 13:21', 50, 1, 9, 9, 108, 38);
insert into BILLS (bill_id, bill_datetime, location_id, payment_type_id, customer_id, employee_id, shop_id, total) values (91, '30.10.22 21:38', 115, 1, 8, 68, 1, 1);
insert into BILLS (bill_id, bill_datetime, location_id, payment_type_id, customer_id, employee_id, shop_id, total) values (92, '30.06.22 04:56', 31, 1, 9, 107, 54, 4);
insert into BILLS (bill_id, bill_datetime, location_id, payment_type_id, customer_id, employee_id, shop_id, total) values (93, '02.04.22 21:49', 43, 2, 4, 19, 6, 2);
insert into BILLS (bill_id, bill_datetime, location_id, payment_type_id, customer_id, employee_id, shop_id, total) values (94, '04.04.22 06:21', 77, 2, 3, 48, 83, 169);
insert into BILLS (bill_id, bill_datetime, location_id, payment_type_id, customer_id, employee_id, shop_id, total) values (95, '12.02.22 23:15', 15, 2, 4, 99, 77, 92);
insert into BILLS (bill_id, bill_datetime, location_id, payment_type_id, customer_id, employee_id, shop_id, total) values (96, '17.04.22 23:38', 64, 1, 3, 48, 98, 96);
insert into BILLS (bill_id, bill_datetime, location_id, payment_type_id, customer_id, employee_id, shop_id, total) values (97, '11.04.22 23:23', 92, 2, 4, 7, 94, 38);
insert into BILLS (bill_id, bill_datetime, location_id, payment_type_id, customer_id, employee_id, shop_id, total) values (98, '19.08.22 04:44', 41, 2, 7, 50, 107, 56);
insert into BILLS (bill_id, bill_datetime, location_id, payment_type_id, customer_id, employee_id, shop_id, total) values (99, '19.03.22 08:14', 15, 1, 10, 56, 63, 160);
insert into BILLS (bill_id, bill_datetime, location_id, payment_type_id, customer_id, employee_id, shop_id, total) values (100, '12.03.22 03:26', 75, 2, 6, 96, 57, 69);
insert into BILLS (bill_id, bill_datetime, location_id, payment_type_id, customer_id, employee_id, shop_id, total) values (101, '26.10.22 05:58', 123, 2, 8, 1, 27, 170);
insert into BILLS (bill_id, bill_datetime, location_id, payment_type_id, customer_id, employee_id, shop_id, total) values (102, '15.05.22 21:42', 73, 2, 5, 105, 25, 16);
insert into BILLS (bill_id, bill_datetime, location_id, payment_type_id, customer_id, employee_id, shop_id, total) values (103, '05.12.22 16:29', 97, 2, 9, 16, 49, 148);
insert into BILLS (bill_id, bill_datetime, location_id, payment_type_id, customer_id, employee_id, shop_id, total) values (104, '11.01.22 02:14', 39, 2, 6, 13, 36, 104);